SEASON,PLAYER_NAME,TEAM_ABBREVIATION,FANTASY_RANK_SCORE,FANTASY_RANK_PERCENTILE,FANTASY_POINTS_PER_MIN,PCT_MINUTES_PLAYED,GP,AVG_MINUTES,FANTASY_POINTS,AVG_FANTASY_PPG
2024-25,Nikola Jokić,DEN,0.9177787044759522,100.0,1.21,65.31,70,36.73,3117.0,44.53
2023-24,Nikola Jokić,DEN,0.9134548555420114,99.87639060568603,1.14,69.53,79,34.64,3127.5,39.59
2023-24,Luka Dončić,DAL,0.8599233335471868,99.75278121137207,1.07,66.67,70,37.49,2813.0,40.19
2023-24,Domantas Sabonis,SAC,0.836656080922136,99.6291718170581,0.91,74.39,82,35.71,2670.0,32.56
2023-24,Giannis Antetokounmpo,MIL,0.8354224139774598,99.50556242274413,1.04,65.22,73,35.17,2660.0,36.44
2024-25,Shai Gilgeous-Alexander,OKC,0.8312282136823421,99.38195302843016,1.02,66.0,76,34.18,2646.5,34.82
2023-24,Anthony Davis,LAL,0.8300680588524625,99.2583436341162,0.98,68.6,76,35.53,2654.0,34.92
2023-24,Shai Gilgeous-Alexander,OKC,0.7991969803896408,99.13473423980223,0.97,64.85,75,34.04,2468.0,32.91
2024-25,Giannis Antetokounmpo,MIL,0.7910919355873485,99.01112484548825,1.05,58.15,67,34.16,2400.5,35.83
2023-24,LeBron James,LAL,0.7665402258292167,98.8875154511743,0.92,63.61,71,35.26,2291.0,32.27
2023-24,Kevin Durant,PHX,0.754707448514788,98.76390605686032,0.79,70.9,75,37.21,2210.5,29.47
2024-25,Anthony Edwards,MIN,0.7544628536601014,98.64029666254636,0.76,72.94,79,36.34,2178.5,27.58
2024-25,Karl-Anthony Towns,NYK,0.7544107268877911,98.51668726823239,0.89,63.94,72,34.95,2243.5,31.16
2023-24,Jayson Tatum,BOS,0.7530995380766022,98.39307787391843,0.84,67.21,74,35.75,2221.5,30.02
2024-25,Ivica Zubac,LAC,0.7493464104702636,98.26946847960446,0.84,66.67,80,32.8,2206.5,27.58
2024-25,Jayson Tatum,BOS,0.744469215799491,98.14585908529048,0.83,66.66,72,36.44,2180.0,30.28
2023-24,Victor Wembanyama,SAS,0.7444197621949915,98.02224969097651,1.02,53.51,71,29.67,2149.5,30.27
2024-25,James Harden,LAC,0.7400063621393896,97.89864029666255,0.76,70.86,79,35.3,2127.0,26.92
2024-25,Domantas Sabonis,SAC,0.7389116999208742,97.77503090234858,0.89,61.71,70,34.7,2173.5,31.05
2023-24,Jalen Brunson,NYK,0.7337631787173071,97.6514215080346,0.77,69.27,77,35.41,2102.0,27.3
2024-25,LeBron James,LAL,0.732006907465623,97.52781211372064,0.87,62.1,70,34.92,2129.5,30.42
2023-24,Anthony Edwards,MIN,0.7223166741515366,97.40420271940667,0.73,70.39,79,35.07,2009.5,25.44
2024-25,Tyler Herro,MIA,0.7190620923419089,97.28059332509271,0.74,69.23,77,35.39,2010.5,26.11
2024-25,Trae Young,ATL,0.7119487927974166,97.15698393077874,0.72,69.59,76,36.04,1967.5,25.89
2023-24,Stephen Curry,GSW,0.7087450011761938,97.03337453646476,0.83,61.52,74,32.72,2016.5,27.25
2023-24,DeMar DeRozan,CHI,0.7079363679134322,96.9097651421508,0.62,75.93,79,37.83,1866.0,23.62
2023-24,Tyrese Haliburton,IND,0.7074391587006266,96.78615574783683,0.9,56.49,69,32.23,2006.0,29.07
2023-24,Dejounte Murray,ATL,0.7053794829024186,96.66254635352287,0.69,70.72,78,35.68,1921.5,24.63
2024-25,Tyrese Haliburton,IND,0.7042727914287548,96.5389369592089,0.81,62.26,73,33.57,1985.0,27.19
2024-25,Josh Hart,NYK,0.7013577019310964,96.41532756489494,0.64,73.6,77,37.62,1853.5,24.07
2024-25,Bam Adebayo,MIA,0.7004114005260794,96.29171817058096,0.72,67.93,78,34.28,1921.0,24.63
2023-24,Jarrett Allen,CLE,0.6979360471332948,96.16810877626699,0.8,62.04,77,31.72,1965.5,25.53
2024-25,Devin Booker,PHX,0.697779666816364,96.04449938195303,0.67,71.01,75,37.27,1867.5,24.9
2023-24,De'Aaron Fox,SAC,0.6977703107290263,95.92088998763906,0.72,67.55,74,35.93,1916.0,25.89
2023-24,Pascal Siakam,IND,0.6976313060028656,95.7972805933251,0.72,67.53,80,33.22,1900.5,23.76
2024-25,Stephen Curry,GSW,0.6933515643378028,95.67367119901112,0.86,57.23,70,32.18,1936.0,27.66
2024-25,Nikola Vučević,CHI,0.693061525630333,95.55006180469717,0.85,57.88,73,31.21,1928.5,26.42
2023-24,Chet Holmgren,OKC,0.6927928722653494,95.42645241038319,0.8,61.3,82,29.42,1930.0,23.54
2023-24,Rudy Gobert,MIN,0.690971108402301,95.30284301606922,0.73,65.88,76,34.12,1903.5,25.05
2024-25,Cade Cunningham,DET,0.690127723957999,95.17923362175526,0.78,62.3,70,35.03,1922.0,27.46
2023-24,Damian Lillard,MIL,0.6883995209683283,95.05562422744129,0.73,65.51,73,35.32,1872.0,25.64
2023-24,Kawhi Leonard,LAC,0.6878127606338615,94.93201483312733,0.82,59.2,68,34.27,1909.0,28.07
2024-25,Jarrett Allen,CLE,0.6865737473535638,94.80840543881335,0.83,58.33,82,28.0,1902.0,23.2
2023-24,Joel Embiid,PHI,0.6854777485511431,94.6847960444994,1.19,33.27,39,33.57,1555.5,39.88
2023-24,Paolo Banchero,ORL,0.6840516135240906,94.56118665018542,0.64,71.11,80,34.98,1805.0,22.56
2024-25,Alperen Sengun,HOU,0.6800498813113491,94.43757725587145,0.78,60.85,76,31.51,1867.5,24.57
2023-24,Nikola Vučević,CHI,0.6794671307285985,94.31396786155747,0.7,66.3,76,34.34,1829.0,24.07
2024-25,Evan Mobley,CLE,0.6781305468232073,94.19035846724351,0.86,55.04,71,30.51,1858.0,26.17
2023-24,Devin Booker,PHX,0.6747316139517974,94.06674907292954,0.75,62.16,68,35.98,1835.5,26.99
2023-24,Tyrese Maxey,PHI,0.6727013429995081,93.94313967861557,0.68,66.71,70,37.51,1792.0,25.6
2024-25,Pascal Siakam,IND,0.6685552597249844,93.8195302843016,0.7,64.73,78,32.66,1792.5,22.98
2023-24,Paul George,LAC,0.6652311755522764,93.69592088998763,0.71,63.56,74,33.81,1771.5,23.94
2023-24,Bam Adebayo,MIA,0.6645722396869185,93.57231149567366,0.74,61.39,71,34.03,1794.0,25.27
2023-24,Mikal Bridges,BKN,0.660197600564573,93.4487021013597,0.57,72.52,82,34.81,1628.5,19.86
2023-24,James Harden,LAC,0.6596014841427684,93.32509270704573,0.71,62.75,72,34.3,1755.0,24.38
2023-24,Fred VanVleet,HOU,0.6590187335600179,93.20148331273177,0.63,68.2,73,36.77,1684.5,23.08
2024-25,Zach LaVine,SAC,0.6589853189623832,93.0778739184178,0.66,66.12,74,35.17,1727.0,23.34
2024-25,Mikal Bridges,NYK,0.6586538461538461,92.95426452410383,0.5,77.14,82,37.03,1513.5,18.46
2024-25,Kevin Durant,PHX,0.6570445991317551,92.83065512978986,0.78,57.54,62,36.53,1762.0,28.42
2024-25,Victor Wembanyama,SAS,0.651797170719189,92.7070457354759,1.04,38.8,46,33.2,1581.0,34.37
2023-24,Coby White,CHI,0.6505701866940399,92.58343634116193,0.54,73.21,79,36.47,1547.5,19.59
2024-25,Austin Reaves,LAL,0.6497415046726973,92.45982694684795,0.66,64.79,73,34.93,1677.0,22.97
2024-25,DeMar DeRozan,SAC,0.6497147729945894,92.336217552534,0.58,70.32,77,35.94,1598.0,20.75
2024-25,Anthony Davis,DAL,0.649627895040739,92.21260815822002,0.97,43.33,51,33.44,1653.5,32.42
2024-25,Michael Porter Jr.,DEN,0.6477713799961506,92.08899876390606,0.64,65.89,77,33.68,1671.0,21.7
2024-25,Donovan Mitchell,CLE,0.6464682106883941,91.96538936959209,0.77,56.71,71,31.44,1718.5,24.2
2024-25,Derrick White,BOS,0.6442962618421334,91.84177997527813,0.64,65.39,76,33.86,1646.5,21.66
2023-24,Michael Porter Jr.,DEN,0.6426977074912854,91.71817058096416,0.64,65.16,81,31.66,1643.5,20.29
2024-25,Darius Garland,CLE,0.639330852633605,91.59456118665018,0.73,58.45,75,30.68,1669.5,22.26
2024-25,Jalen Green,HOU,0.6372043476401275,91.47095179233622,0.58,68.52,82,32.89,1563.5,19.07
2023-24,Austin Reaves,LAL,0.6347958234426124,91.34734239802225,0.6,66.79,82,32.06,1571.0,19.16
2024-25,Luka Dončić,LAL,0.6319021192874403,91.22373300370829,0.91,44.93,50,35.37,1607.0,32.14
2023-24,Miles Bridges,CHA,0.6311937298175829,91.10012360939432,0.61,65.58,69,37.41,1580.5,22.91
2024-25,Josh Giddey,CHI,0.6309117106135455,90.97651421508036,0.78,53.78,70,30.24,1653.0,23.61
2024-25,Rudy Gobert,MIN,0.6307914180620603,90.85290482076638,0.68,60.68,72,33.17,1621.5,22.52
2024-25,Jalen Duren,DET,0.6306697889266697,90.72929542645241,0.81,51.67,78,26.07,1652.0,21.18
2024-25,Jalen Brunson,NYK,0.6297154680182203,90.60568603213845,0.71,58.45,65,35.4,1622.5,24.96
2024-25,Dyson Daniels,ATL,0.629386668377494,90.48207663782448,0.61,65.32,76,33.83,1568.0,20.63
2024-25,Christian Braun,DEN,0.6285740253630161,90.3584672435105,0.57,67.97,79,33.87,1521.0,19.25
2024-25,Jalen Williams,OKC,0.6280714698145891,90.23485784919654,0.73,56.83,69,32.42,1629.0,23.61
2023-24,Zion Williamson,NOP,0.6275969825281751,90.11124845488257,0.74,56.07,70,31.53,1641.5,23.45
2023-24,Scottie Barnes,TOR,0.6269500759179658,89.9876390605686,0.78,53.21,60,34.9,1631.0,27.18
2024-25,Damian Lillard,MIL,0.6266720664656444,89.86402966625462,0.78,53.17,58,36.08,1622.5,27.97
2023-24,Kyrie Irving,DAL,0.6251670729881739,89.74042027194066,0.8,51.57,58,34.99,1617.0,27.88
2023-24,Jalen Green,HOU,0.625122965719296,89.61681087762669,0.59,66.09,82,31.72,1542.5,18.81
2024-25,OG Anunoby,NYK,0.624310322704818,89.49320148331273,0.55,68.74,74,36.56,1481.0,20.01
2024-25,Jamal Murray,DEN,0.6216505207330895,89.36959208899876,0.65,61.44,67,36.09,1580.5,23.59
2023-24,D'Angelo Russell,LAL,0.6188343384444301,89.2459826946848,0.62,63.11,76,32.69,1551.5,20.41
2023-24,Alperen Sengun,HOU,0.6183317828960031,89.12237330037082,0.78,51.97,63,32.47,1603.5,25.45
2024-25,Jaren Jackson Jr.,MEM,0.6179815979127905,88.99876390605687,0.72,56.07,74,29.82,1587.0,21.45
2024-25,Desmond Bane,MEM,0.6177035884604691,88.87515451174289,0.72,56.03,69,31.96,1592.0,23.07
2023-24,Donovan Mitchell,CLE,0.6146147430551101,88.75154511742892,0.81,49.36,55,35.32,1576.5,28.66
2023-24,Jaylen Brown,BOS,0.6131137593293556,88.62793572311496,0.66,59.52,70,33.46,1544.0,22.06
2023-24,Derrick White,BOS,0.6102401039327645,88.50432632880099,0.64,60.49,73,32.62,1526.0,20.9
2023-24,Myles Turner,IND,0.609329890293193,88.38071693448703,0.75,52.75,77,26.97,1547.0,20.09
2024-25,Coby White,CHI,0.6080494429118282,88.25710754017305,0.61,62.25,74,33.11,1494.0,20.19
2024-25,Onyeka Okongwu,ATL,0.6071753170377023,88.1334981458591,0.75,52.44,74,27.89,1548.5,20.93
2023-24,Kyle Kuzma,WAS,0.6070790829965141,88.00988875154512,0.67,57.96,70,32.59,1520.0,21.71
2024-25,Scottie Barnes,TOR,0.6051236607429267,87.88627935723115,0.72,54.22,65,32.83,1535.5,23.62
2023-24,Lauri Markkanen,UTA,0.6024758880263467,87.76266996291719,0.83,46.23,55,33.09,1519.0,27.62
2024-25,Amen Thompson,HOU,0.6020174397467976,87.63906056860321,0.68,56.54,69,32.25,1507.0,21.84
2024-25,Brook Lopez,MIL,0.6009695579649708,87.51545117428925,0.56,64.69,80,31.83,1418.5,17.73
2023-24,Josh Hart,NYK,0.6004803682555976,87.39184177997528,0.5,68.77,81,33.42,1361.0,16.8
2024-25,Payton Pritchard,BOS,0.6003948268856525,87.26823238566132,0.66,57.69,80,28.39,1491.0,18.64
2023-24,Jusuf Nurkić,PHX,0.6000620174932101,87.14462299134735,0.73,52.8,76,27.34,1512.5,19.9
2023-24,Clint Capela,ATL,0.5992426915592053,87.02101359703337,0.8,47.84,73,25.8,1515.0,20.75
2023-24,Tobias Harris,PHI,0.5983311413357284,86.89740420271941,0.62,60.16,70,33.83,1457.0,20.81
2023-24,Nic Claxton,BKN,0.5970493573704583,86.77379480840544,0.71,53.75,71,29.8,1507.5,21.23
2023-24,CJ McCollum,NOP,0.5950097303308313,86.65018541409147,0.69,54.84,66,32.71,1495.0,22.65
2023-24,Jimmy Butler III,MIA,0.5936678000898185,86.52657601977751,0.73,51.88,60,34.03,1486.5,24.78
2023-24,Donte DiVincenzo,NYK,0.5922029041295096,86.40296662546353,0.61,59.97,81,29.14,1435.0,17.72
2023-24,Jonas Valančiūnas,NOP,0.592186865122645,86.27935723114956,0.77,48.9,82,23.47,1487.5,18.14
2023-24,Jalen Williams,OKC,0.5920545433160112,86.15574783683559,0.66,56.49,71,31.32,1472.0,20.73
2023-24,Karl-Anthony Towns,MIN,0.590748700840444,86.03213844252163,0.73,51.46,62,32.67,1472.0,23.74
2024-25,Deni Avdija,POR,0.5906885545647013,85.90852904820765,0.68,54.91,72,30.02,1470.0,20.42
2024-25,De'Aaron Fox,SAS,0.5903744573469344,85.7849196538937,0.65,56.94,62,36.15,1451.0,23.4
2023-24,Keegan Murray,SAC,0.5892450439468787,85.66131025957972,0.52,65.77,77,33.62,1342.0,17.43
2023-24,Franz Wagner,ORL,0.5881717670708496,85.53770086526576,0.61,59.39,72,32.46,1436.0,19.94
2024-25,Julius Randle,MIN,0.5875943628237206,85.41409147095179,0.65,56.54,69,32.25,1452.5,21.05
2023-24,Brook Lopez,MIL,0.5867456320437971,85.29048207663782,0.58,61.26,79,30.52,1397.5,17.69
2024-25,Miles Bridges,CHA,0.5864970274373944,85.16687268232386,0.72,51.54,64,31.7,1457.5,22.77
2023-24,Trae Young,ATL,0.5855600821197151,85.04326328800988,0.75,49.33,54,35.96,1454.0,26.93
2023-24,Jabari Smith Jr.,HOU,0.5841620153546758,84.91965389369592,0.57,61.58,76,31.89,1379.0,18.14
2023-24,Daniel Gafford,DAL,0.582341588075533,84.79604449938195,0.79,46.1,74,24.52,1425.5,19.26
2023-24,Grayson Allen,PHX,0.5807082825431449,84.67243510506799,0.53,63.85,75,33.51,1324.0,17.65
2023-24,Collin Sexton,UTA,0.5802057269947178,84.54882571075402,0.69,52.71,78,26.6,1426.5,18.29
2023-24,Bogdan Bogdanović,ATL,0.5802003806590962,84.42521631644006,0.57,61.01,79,30.4,1368.5,17.32
2023-24,Kristaps Porziņģis,BOS,0.5796096105729132,84.30160692212608,0.83,42.94,57,29.65,1405.0,24.65
2024-25,Jaden McDaniels,MIN,0.5793396206240243,84.17799752781211,0.49,66.42,82,31.88,1293.5,15.77
2024-25,Walker Kessler,UTA,0.5788905284318129,84.05438813349815,0.81,44.22,58,30.01,1415.0,24.4
2023-24,Josh Giddey,OKC,0.5787007335172472,83.93077873918418,0.71,51.11,80,25.14,1419.5,17.74
2024-25,Keegan Murray,SAC,0.5786445969932208,83.80716934487022,0.49,66.32,76,34.34,1266.0,16.66
2024-25,Myles Turner,IND,0.5784200508971151,83.68355995055624,0.65,55.22,72,30.19,1419.0,19.71
2023-24,Devin Vassell,SAS,0.5771329205962233,83.55995055624228,0.62,57.11,68,33.06,1404.5,20.65
2023-24,Jamal Murray,DEN,0.5761892923590171,83.43634116192831,0.76,47.29,59,31.55,1418.0,24.03
2023-24,Deni Avdija,WAS,0.5738542802762986,83.31273176761434,0.61,57.33,75,30.09,1387.5,18.5
2024-25,Naz Reid,MIN,0.5735308269711938,83.18912237330038,0.63,55.9,80,27.5,1389.0,17.36
2023-24,Bobby Portis,MIL,0.5732675199418318,83.0655129789864,0.7,51.02,82,24.49,1407.0,17.16
2023-24,Aaron Gordon,DEN,0.5713281366951091,82.94190358467245,0.59,58.35,73,31.46,1364.5,18.69
2024-25,Franz Wagner,ORL,0.5711704197942729,82.81829419035847,0.69,51.41,60,33.72,1402.0,23.37
2024-25,Chris Paul,SAS,0.5705636107012253,82.6946847960445,0.59,58.24,82,27.95,1347.0,16.43
2024-25,Jaylen Brown,BOS,0.566094074121597,82.57107540173052,0.63,54.83,63,34.25,1355.0,21.51
2023-24,Brandon Ingram,NOP,0.565909625542653,82.44746600741657,0.65,53.42,64,32.85,1375.5,21.49
2023-24,Klay Thompson,GSW,0.5642963687688458,82.32385661310259,0.58,58.03,77,29.66,1321.0,17.16
2024-25,Toumani Camara,POR,0.5628555313188339,82.20024721878862,0.48,64.74,78,32.67,1215.5,15.58
2023-24,Dennis Schröder,BKN,0.5614895425675241,82.07663782447466,0.5,63.16,80,31.07,1253.5,15.67
2023-24,Cade Cunningham,DET,0.5609054554008682,81.95302843016069,0.65,52.7,62,33.46,1345.5,21.7
2023-24,Jrue Holiday,BOS,0.5606127435255875,81.82941903584673,0.58,57.5,69,32.8,1315.0,19.06
2023-24,Jalen Duren,DET,0.5565775967152113,81.70580964153275,0.75,45.16,61,29.14,1339.0,21.95
2024-25,Anfernee Simons,POR,0.5560710314150681,81.58220024721878,0.56,58.23,70,32.74,1274.0,18.2
2023-24,Jaren Jackson Jr.,MEM,0.5553091785889951,81.45859085290482,0.62,53.97,66,32.18,1323.5,20.05
2024-25,Malik Beasley,DET,0.5544724770642202,81.33498145859085,0.56,58.0,82,27.84,1285.5,15.68
2023-24,Mike Conley,MIN,0.5531185175680589,81.21137206427689,0.59,55.73,76,28.86,1301.0,17.12
2023-24,Deandre Ayton,POR,0.5528124398537242,81.08776266996291,0.74,45.31,55,32.43,1311.0,23.84
2024-25,Jimmy Butler III,GSW,0.5510174076687837,80.96415327564895,0.75,44.36,55,31.75,1311.0,23.84
2024-25,Tyrese Maxey,PHI,0.5503651547229529,80.84054388133498,0.67,49.8,52,37.7,1307.5,25.14
2024-25,Jonas Valančiūnas,SAC,0.5502101109899274,80.716934487021,0.83,38.71,81,18.81,1258.5,15.54
2023-24,Terry Rozier,MIA,0.5501205598682664,80.59332509270705,0.64,51.84,61,33.45,1297.5,21.27
2023-24,John Collins,UTA,0.5495551848762856,80.46971569839307,0.69,48.3,68,27.96,1319.0,19.4
2024-25,Tobias Harris,DET,0.5488187271444152,80.34610630407911,0.54,58.57,73,31.58,1249.0,17.11
2023-24,Andre Drummond,CHI,0.5486142298068903,80.22249690976514,0.89,34.33,79,17.1,1199.0,15.18
2024-25,Jakob Poeltl,TOR,0.5451912384251834,80.09888751545118,0.76,42.83,57,29.57,1280.0,22.46
2024-25,Harrison Barnes,SAS,0.545159160411454,79.97527812113721,0.56,56.66,82,27.2,1242.0,15.15
2024-25,Shaedon Sharpe,POR,0.544243600436261,79.85166872682325,0.55,57.22,72,31.28,1228.0,17.06
2023-24,Isaiah Hartenstein,NYK,0.5439134642116293,79.72805933250928,0.68,48.18,75,25.28,1298.0,17.31
2023-24,Brandon Miller,CHA,0.5432799234404738,79.6044499381953,0.5,60.54,74,32.2,1192.0,16.11
2024-25,Jordan Poole,WAS,0.5431703235602319,79.48084054388134,0.64,50.84,68,29.42,1280.0,18.82
2024-25,Kyrie Irving,DAL,0.5420034858108251,79.35723114956737,0.71,45.83,50,36.08,1284.5,25.69
2023-24,Ivica Zubac,LAC,0.5403354290968969,79.23362175525341,0.71,45.59,68,26.39,1281.5,18.85
2023-24,Tre Jones,SAS,0.5385109920660379,79.11001236093944,0.58,54.32,77,27.77,1239.5,16.1
2023-24,Naz Reid,MIN,0.5365675990675991,78.98640296662546,0.64,49.89,81,24.24,1261.5,15.57
2023-24,Immanuel Quickley,TOR,0.5355825367293257,78.86279357231149,0.63,50.44,68,29.2,1253.5,18.43
2024-25,Tyus Jones,PHX,0.5351508201278843,78.73918417799753,0.56,55.22,81,26.83,1218.5,15.04
2023-24,Jalen Johnson,ATL,0.5329775346977181,78.61557478368356,0.66,47.99,56,33.73,1249.0,22.3
2023-24,Tyus Jones,WAS,0.5310769123842518,78.49196538936958,0.64,49.1,66,29.28,1241.5,18.81
2024-25,Russell Westbrook,DEN,0.5304487179487178,78.36835599505562,0.58,53.16,75,27.9,1213.5,16.18
2024-25,Isaiah Hartenstein,OKC,0.5282326618335793,78.24474660074165,0.76,40.39,57,27.89,1205.0,21.14
2023-24,Buddy Hield,PHI,0.5279800474754603,78.12113720642769,0.55,54.88,84,25.71,1177.5,14.02
2023-24,Jordan Poole,WAS,0.5270618143324566,77.99752781211372,0.48,59.59,78,30.07,1122.5,14.39
2024-25,Quentin Grimes,PHI,0.5260941275849532,77.87391841779974,0.6,51.15,75,26.84,1209.5,16.13
2024-25,Trey Murphy III,NOP,0.5220536344389555,77.75030902348578,0.65,47.11,53,34.99,1205.0,22.74
2024-25,Santi Aldama,MEM,0.5213733132311114,77.62669962917181,0.72,42.17,65,25.53,1192.5,18.35
2024-25,RJ Barrett,TOR,0.5198175295652359,77.50309023485785,0.64,47.48,58,32.22,1196.0,20.62
2023-24,Evan Mobley,CLE,0.518085316823849,77.37948084054388,0.76,38.93,50,30.65,1162.0,23.24
2023-24,Cam Thomas,BKN,0.5177057269947178,77.25587144622992,0.56,52.71,66,31.44,1163.5,17.63
2024-25,Cameron Johnson,BKN,0.5172700006415603,77.13226205191594,0.66,45.73,57,31.57,1195.0,20.96
2024-25,Mark Williams,CHA,0.5167821475160925,77.00865265760197,0.89,29.75,44,26.61,1037.0,23.57
2024-25,Norman Powell,LAC,0.5163637967537049,76.88504326328801,0.6,49.75,60,32.63,1171.5,19.52
2023-24,Keldon Johnson,SAS,0.5161192018990184,76.76143386897404,0.57,51.79,69,29.54,1171.0,16.97
2024-25,Yves Missi,NOP,0.5159467825752229,76.63782447466008,0.6,49.69,73,26.79,1168.0,16.0
2023-24,Jonathan Kuminga,GSW,0.5148347447659374,76.5142150803461,0.6,49.53,74,26.34,1168.5,15.79
2024-25,Malik Monk,SAC,0.5140916041145398,76.39060568603215,0.56,52.19,65,31.6,1158.5,17.82
2023-24,Harrison Barnes,SAC,0.5140862577789184,76.26699629171817,0.44,60.49,82,29.04,1049.5,12.8
2023-24,Herbert Jones,NOP,0.5132067855691709,76.1433868974042,0.46,58.98,76,30.55,1076.5,14.16
2023-24,Max Strus,CLE,0.5131038686084557,76.01977750309024,0.49,56.89,70,31.99,1088.5,15.55
2024-25,Nic Claxton,BKN,0.5124957229315027,75.89616810877627,0.62,47.81,70,26.88,1162.5,16.61
2024-25,Bennedict Mathurin,IND,0.5116804067492141,75.7725587144623,0.52,54.61,72,29.85,1108.0,15.39
2023-24,Kelly Olynyk,TOR,0.5099722525181241,75.64894932014833,0.66,44.68,78,22.55,1157.0,14.83
2023-24,P.J. Washington,DAL,0.5098372575436796,75.52533992583437,0.49,56.42,73,30.42,1094.0,14.99
2023-24,Jeremy Sochan,SAS,0.5097797844357477,75.4017305315204,0.5,55.72,74,29.64,1100.5,14.87
2024-25,Keyonte George,UTA,0.5092598532965505,75.27812113720643,0.53,53.57,67,31.47,1118.5,16.69
2024-25,Stephon Castle,SAS,0.5090967900600928,75.15451174289247,0.51,54.93,81,26.69,1101.5,13.6
2024-25,Bub Carrington,WAS,0.5084084493488163,75.0309023485785,0.4,62.44,82,29.97,984.0,12.0
2023-24,Julius Randle,NYK,0.5065452513847009,74.90729295426452,0.7,41.42,46,35.44,1144.0,24.87
2023-24,Malik Monk,SAC,0.5060199739098821,74.78368355995056,0.61,47.57,72,26.0,1142.0,15.86
2024-25,LaMelo Ball,CHA,0.5035352644297598,74.66007416563659,0.74,38.22,47,32.01,1108.0,23.57
2024-25,Paolo Banchero,ORL,0.5027346506704304,74.53646477132261,0.71,40.18,46,34.38,1126.5,24.49
2024-25,Daniel Gafford,DAL,0.5024740168088792,74.41285537700865,0.84,31.15,57,21.51,1035.0,18.16
2023-24,Alex Caruso,CHI,0.5020436367913432,74.28924598269468,0.54,51.84,71,28.74,1093.0,15.39
2023-24,Caris LeVert,CLE,0.501940719830628,74.1656365883807,0.57,49.75,68,28.8,1110.5,16.33
2024-25,Devin Vassell,SAS,0.5015811787600779,74.04202719406675,0.56,50.39,64,30.99,1113.5,17.4
2023-24,Malik Beasley,MIL,0.5015638031693077,73.91841779975277,0.43,59.38,79,29.59,1009.5,12.78
2024-25,Ja Morant,MEM,0.5013686619191207,73.79480840543881,0.73,38.6,50,30.38,1103.5,22.07
2024-25,Andrew Wiggins,MIA,0.5007377943157759,73.67119901112484,0.61,46.81,60,30.7,1120.5,18.68
2023-24,Jaden Ivey,DET,0.49966585402365216,73.54758961681088,0.47,56.34,77,28.8,1033.0,13.42
2023-24,Ayo Dosunmu,CHI,0.4987623233036077,73.42398022249691,0.47,56.21,76,29.11,1036.0,13.63
2023-24,Saddiq Bey,ATL,0.49618137978229726,73.30037082818293,0.52,52.38,63,32.72,1073.5,17.04
2023-24,Brandin Podziemski,GSW,0.4941323966553324,73.17676143386898,0.55,50.01,74,26.6,1078.5,14.57
2023-24,Kentavious Caldwell-Pope,DEN,0.49373142148371507,73.053152039555,0.39,61.02,76,31.6,927.5,12.2
2023-24,Corey Kispert,WAS,0.49241622292081005,72.92954264524104,0.51,52.53,80,25.84,1048.0,13.1
2023-24,Al Horford,BOS,0.49221306216719063,72.80593325092707,0.63,44.2,65,26.77,1092.0,16.8
2023-24,Tim Hardaway Jr.,DAL,0.49211415495819166,72.68232385661311,0.49,53.87,79,26.84,1042.0,13.19
2024-25,Dillon Brooks,HOU,0.49136834113898337,72.55871446229914,0.39,60.68,75,31.84,942.5,12.57
2023-24,Obi Toppin,IND,0.49061450781634264,72.43510506798516,0.63,43.97,82,21.1,1088.5,13.27
2024-25,Fred VanVleet,HOU,0.49051560060734367,72.3114956736712,0.49,53.64,60,35.19,1026.5,17.11
2024-25,Keldon Johnson,SAS,0.4903578837065075,72.12608158220026,0.59,46.7,77,23.87,1089.5,14.15
2023-24,RJ Barrett,TOR,0.4903578837065075,72.12608158220026,0.59,46.7,58,31.69,1092.0,18.83
2024-25,Naji Marshall,DAL,0.4902522935779816,71.9406674907293,0.56,48.76,69,27.81,1068.5,15.49
2024-25,CJ McCollum,NOP,0.489245845897222,71.81705809641534,0.59,46.54,56,32.71,1084.0,19.36
2024-25,Klay Thompson,DAL,0.4886296807168366,71.69344870210136,0.54,49.91,72,27.29,1062.0,14.75
2023-24,Trey Murphy III,NOP,0.4882634567267594,71.56983930778739,0.64,42.94,57,29.65,1076.5,18.89
2024-25,Aaron Wiggins,OKC,0.4881698958533821,71.44622991347343,0.62,44.31,76,22.95,1072.5,14.11
2024-25,Zach Edey,MEM,0.4878972327366823,71.32262051915946,0.74,35.97,66,21.45,1049.5,15.9
2024-25,Draymond Green,GSW,0.4871581018370009,71.19901112484548,0.53,50.39,68,29.17,1048.5,15.42
2023-24,Walker Kessler,UTA,0.4870966189773529,71.07540173053152,0.71,37.93,64,23.33,1065.5,16.65
2023-24,Darius Garland,CLE,0.4869161801501251,70.95179233621755,0.56,48.28,57,33.34,1055.5,18.52
2023-24,Nick Richards,CHA,0.4859337909796625,70.82818294190358,0.61,44.68,67,26.25,1069.0,15.96
2024-25,Spencer Dinwiddie,DAL,0.4852788648660208,70.70457354758962,0.47,54.27,79,27.04,1009.5,12.78
2023-24,T.J. McConnell,IND,0.48509575287098217,70.58096415327564,0.78,32.8,71,18.18,1001.0,14.1
2024-25,P.J. Washington,DAL,0.4849941724941724,70.45735475896167,0.58,46.62,57,32.19,1057.5,18.55
2023-24,Jalen Suggs,ORL,0.48484046534505243,70.33374536464771,0.51,51.44,75,26.99,1030.5,13.74
2024-25,Ty Jerome,CLE,0.48379659331494196,70.21013597033374,0.74,35.38,70,19.89,1033.5,14.76
2023-24,Payton Pritchard,BOS,0.48339561814332455,70.08652657601978,0.58,46.39,82,22.27,1067.5,13.02
2023-24,Bradley Beal,PHX,0.4825856482966574,69.9629171817058,0.6,44.89,53,33.33,1066.5,20.12
2024-25,Obi Toppin,IND,0.4818478539808815,69.83930778739185,0.68,39.25,79,19.55,1045.0,13.23
2024-25,Guerschon Yabusele,PHI,0.48113545475930797,69.71569839307787,0.55,48.14,70,27.07,1035.0,14.79
2024-25,Kristaps Porziņģis,BOS,0.48039365069181583,69.5920889987639,0.8,30.74,42,28.81,963.0,22.93
2024-25,Dennis Schröder,DET,0.4797881781826735,69.46847960444994,0.47,53.48,75,28.06,991.5,13.22
2024-25,Alex Sarr,WAS,0.47650285494322187,69.34487021013597,0.57,46.09,67,27.08,1034.5,15.44
2023-24,Kelly Oubre Jr.,PHI,0.4758385727422424,69.221260815822,0.48,52.22,68,30.23,995.0,14.63
2023-24,Luguentz Dort,OKC,0.47582387031928314,69.09765142150803,0.41,57.06,79,28.43,929.0,11.76
2023-24,Paul Reed,PHI,0.47527854408588355,68.97404202719407,0.65,40.38,82,19.38,1031.0,12.57
2024-25,Kelly Oubre Jr.,PHI,0.4750620174932101,68.8504326328801,0.47,52.8,60,34.64,985.5,16.42
2023-24,Spencer Dinwiddie,LAL,0.4737748871923184,68.72682323856613,0.44,54.69,76,28.32,945.5,12.44
2023-24,Rui Hachimura,LAL,0.4737107311648596,68.60321384425217,0.56,46.38,68,26.85,1029.0,15.13
2024-25,Julian Champagnie,SAS,0.47331510232886376,68.4796044499382,0.52,49.09,82,23.56,1013.5,12.36
2024-25,De'Andre Hunter,CLE,0.47305179529950164,68.35599505562423,0.59,44.21,64,27.19,1031.5,16.12
2023-24,Jaime Jaquez Jr.,MIA,0.4716323431919762,68.23238566131026,0.45,53.69,75,28.18,954.5,12.73
2024-25,Collin Sexton,UTA,0.4713717093304249,68.1087762669963,0.58,44.66,63,27.9,1024.5,16.26
2024-25,Goga Bitadze,ORL,0.47109904621372506,67.98516687268233,0.7,36.32,70,20.42,1007.0,14.39
2024-25,Kel'el Ware,MIA,0.46984800367827884,67.86155747836835,0.7,36.14,64,22.23,990.0,15.47
2024-25,Jalen Johnson,ATL,0.4694911357755394,67.7379480840544,0.75,32.63,36,35.67,957.0,26.58
2024-25,Nickeil Alexander-Walker,MIN,0.4693507944654734,67.61433868974042,0.46,52.67,82,25.28,945.0,11.52
2023-24,Norman Powell,LAC,0.4691783751416778,67.49072929542646,0.49,50.57,76,26.19,978.5,12.88
2024-25,Brandin Podziemski,GSW,0.468881653514681,67.36711990111249,0.59,43.61,64,26.82,1020.5,15.95
2023-24,Desmond Bane,MEM,0.4686544342507645,67.24351050679851,0.69,36.66,42,34.35,995.5,23.7
2024-25,Scotty Pippen Jr.,MEM,0.467781644960544,67.11990111248454,0.6,42.76,79,21.3,1005.0,12.72
2023-24,Cole Anthony,ORL,0.46744348923248,66.99629171817058,0.55,46.17,81,22.44,990.5,12.23
2024-25,Zion Williamson,NOP,0.46619645644875,66.87268232385661,0.9,21.78,30,28.58,774.0,25.8
2024-25,Royce O'Neale,PHX,0.466110915078805,66.74907292954263,0.54,46.67,75,24.49,997.0,13.29
2024-25,Buddy Hield,GSW,0.4658903787344154,66.62546353522868,0.53,47.33,82,22.72,984.5,12.01
2023-24,Aaron Nesmith,IND,0.46513520882786935,66.5018541409147,0.48,50.68,72,27.7,947.5,13.16
2023-24,Gary Trent Jr.,TOR,0.46492670173862827,66.37824474660074,0.48,50.65,71,28.08,951.0,13.39
2023-24,Moritz Wagner,ORL,0.46365026410897964,66.25463535228677,0.69,35.94,80,17.68,982.5,12.28
2023-24,Royce O'Neale,PHX,0.4627841577382862,66.13102595797281,0.49,49.65,79,24.74,961.5,12.17
2024-25,Jrue Holiday,BOS,0.4621131926177797,66.00741656365884,0.51,48.17,62,30.58,971.5,15.67
2023-24,Khris Middleton,MIL,0.46208512435576654,65.88380716934486,0.66,37.79,55,27.04,976.0,17.75
2024-25,Keon Ellis,SAC,0.46174162229208093,65.7601977750309,0.49,49.5,80,24.35,946.0,11.82
2023-24,Jakob Poeltl,TOR,0.4611842668035328,65.63658838071693,0.72,33.51,50,26.38,946.5,18.93
2023-24,Keyonte George,UTA,0.46045449199118926,65.51297898640297,0.46,51.39,75,26.97,927.0,12.36
2023-24,Jerami Grant,POR,0.4601216825987468,65.389369592089,0.53,46.5,54,33.89,966.0,17.89
2024-25,Tari Eason,HOU,0.4598156048844122,65.26576019777504,0.68,36.08,57,24.92,965.5,16.94
2024-25,Luguentz Dort,OKC,0.4598049122131691,65.14215080346106,0.44,52.68,71,29.2,911.5,12.84
2024-25,Bobby Portis,MIL,0.4575247000705716,65.01854140914709,0.74,31.6,49,25.38,915.5,18.68
2024-25,Taurean Prince,MIL,0.45690719830628085,64.89493201483313,0.4,55.03,80,27.07,863.5,10.79
2023-24,Andrew Wiggins,GSW,0.4568069545133765,64.77132262051916,0.49,48.79,71,27.05,940.5,13.25
2023-24,Grant Williams,CHA,0.4552511708475011,64.6477132262052,0.41,54.1,76,28.02,871.5,11.47
2023-24,Russell Westbrook,LAC,0.4549597955561258,64.52410383189122,0.63,38.84,68,22.48,960.0,14.12
2024-25,Max Christie,DAL,0.454834156669019,64.40049443757727,0.41,54.04,78,27.27,866.5,11.11
2024-25,T.J. McConnell,IND,0.4541738842197558,64.27688504326329,0.67,35.96,79,17.92,949.0,12.01
2024-25,Kentavious Caldwell-Pope,ORL,0.45281591497187823,64.15327564894932,0.35,57.9,77,29.6,791.0,10.27
2024-25,Rui Hachimura,LAL,0.45250983725754357,64.02966625463536,0.5,47.48,59,31.68,938.0,15.9
2024-25,Donovan Clingan,POR,0.45240291054511234,63.90605686032138,0.7,33.63,67,19.76,921.5,13.75
2023-24,Trayce Jackson-Davis,GSW,0.45193109642650925,63.78244746600742,0.77,28.72,68,16.62,874.0,12.85
2023-24,Jalen Smith,IND,0.45155017001347275,63.658838071693445,0.8,26.59,61,17.16,839.5,13.76
2023-24,Anfernee Simons,POR,0.44991953764889536,63.535228677379486,0.6,40.19,46,34.39,954.0,20.74
2023-24,Amen Thompson,HOU,0.44944772353029233,63.41161928306551,0.67,35.28,62,22.4,933.0,15.05
2024-25,Luke Kornet,BOS,0.44939025042236047,63.28800988875154,0.68,34.58,73,18.64,928.5,12.72
2023-24,Sam Hauser,BOS,0.4490828361241205,63.16440049443758,0.54,44.22,79,22.03,945.0,11.96
2024-25,John Collins,UTA,0.448616368341139,63.040791100123606,0.73,31.01,40,30.51,892.0,22.3
2023-24,Draymond Green,GSW,0.44814856397425196,62.91718170580965,0.63,37.86,55,27.09,939.0,17.07
2023-24,Precious Achiuwa,NYK,0.4476714035200273,62.79357231149567,0.58,41.25,74,21.94,938.5,12.68
2024-25,Jalen Smith,CHI,0.44629204892966357,62.66996291718171,0.82,24.45,64,15.04,787.0,12.3
2024-25,Kawhi Leonard,LAC,0.44626531725155577,62.54635352286774,0.74,29.98,37,31.89,876.5,23.69
2024-25,Clint Capela,ATL,0.44563979598383263,62.422744128553774,0.74,29.89,55,21.39,866.5,15.75
2024-25,Tim Hardaway Jr.,DET,0.4449287333461645,62.2991347342398,0.38,54.69,77,27.96,825.5,10.72
2024-25,Jaylen Wells,MEM,0.44490734800367826,62.17552533992583,0.42,51.92,79,25.87,857.5,10.85
2023-24,Duncan Robinson,MIA,0.4445504801009388,62.05191594561187,0.47,48.41,68,28.02,888.5,13.07
2024-25,Donte DiVincenzo,MIN,0.4445437971814118,61.928306551297894,0.58,40.8,62,25.9,931.0,15.02
2024-25,Al Horford,BOS,0.44424172921879346,61.804697156983934,0.56,42.14,60,27.64,922.0,15.37
2024-25,Kyle Filipowski,UTA,0.44409336840529495,61.68108776266996,0.61,38.66,72,21.13,927.0,12.88
2024-25,Zaccharie Risacher,ATL,0.4431844913496289,61.557478368356,0.49,46.83,75,24.58,894.5,11.93
2024-25,Wendell Carter Jr.,ORL,0.4425950578473514,61.43386897404203,0.52,44.67,68,25.86,909.0,13.37
2024-25,Bradley Beal,PHX,0.4423411069053271,61.310259579728054,0.54,43.25,53,32.12,911.0,17.19
2023-24,Santi Aldama,MEM,0.4418906781292102,61.186650185414095,0.57,41.11,61,26.53,919.5,15.07
2024-25,Lauri Markkanen,UTA,0.44083878659566733,61.06304079110012,0.62,37.5,47,31.4,917.0,19.51
2024-25,Aaron Gordon,DEN,0.4405033040354141,60.93943139678616,0.63,36.76,51,28.37,907.5,17.79
2024-25,Kyle Kuzma,MIL,0.4404257821689015,60.81582200247219,0.45,49.2,65,29.79,874.5,13.45
2023-24,Dillon Brooks,HOU,0.4387644083745001,60.69221260815822,0.34,56.57,72,30.93,759.5,10.55
2024-25,Caris LeVert,ATL,0.4379985457967108,60.568603213844256,0.57,40.55,64,24.94,916.5,14.32
2024-25,Mike Conley,MIN,0.437370351361177,60.44499381953028,0.51,44.61,71,24.73,889.5,12.53
2023-24,Chris Paul,GSW,0.43607653814075825,60.321384425216316,0.59,38.89,58,26.39,898.0,15.48
2024-25,Derrick Jones Jr.,LAC,0.4341130963837386,60.19777503090234,0.46,47.6,77,24.33,863.5,11.21
2023-24,Cameron Johnson,BKN,0.4337468723936614,60.07416563658838,0.56,40.63,58,27.57,898.5,15.49
2023-24,Tyler Herro,MIA,0.4334835653642993,59.95055624227441,0.63,35.75,42,33.5,893.0,21.26
2024-25,Bilal Coulibaly,WAS,0.43275646371976645,59.82694684796045,0.43,49.48,59,33.01,835.0,14.15
2023-24,Taurean Prince,LAL,0.4321977716473129,59.703337453646476,0.37,53.55,78,27.02,781.0,10.01
2024-25,Deandre Ayton,POR,0.4315522016210089,59.5797280593325,0.7,30.63,40,30.14,839.0,20.98
2023-24,Zach Collins,SAS,0.43036531511302145,59.45611866501854,0.58,38.76,69,22.11,890.0,12.9
2024-25,Jabari Smith Jr.,HOU,0.43028111032698185,59.33250927070457,0.51,43.59,57,30.1,882.5,15.48
2024-25,Cason Wallace,OKC,0.42979192061760874,59.20889987639061,0.45,47.67,68,27.59,844.0,12.41
2024-25,Isaiah Joe,OKC,0.4297732084429332,59.08529048207664,0.55,40.75,74,21.68,879.0,11.88
2024-25,Gary Trent Jr.,MIL,0.4279728299223712,58.96168108776267,0.44,48.1,74,25.59,829.0,11.2
2023-24,Dereck Lively II,DAL,0.4279594640833173,58.838071693448704,0.66,32.88,55,23.53,849.0,15.44
2023-24,Bruce Brown,TOR,0.42784585445135903,58.71446229913473,0.45,47.39,67,27.84,832.5,12.43
2023-24,Jabari Walker,POR,0.4276400205299288,58.590852904820764,0.51,43.21,72,23.62,873.5,12.13
2024-25,Kevin Porter Jr.,MIL,0.4274582451187955,58.4672435105068,0.59,37.65,75,19.76,869.0,11.59
2024-25,Justin Champagnie,WAS,0.4265453583114134,58.34363411619283,0.64,34.06,62,21.62,853.0,13.76
2023-24,Jordan Clarkson,UTA,0.42437340946515256,58.22002472187886,0.51,42.74,55,30.59,854.0,15.53
2024-25,Keon Johnson,BKN,0.42398713671649446,58.0964153275649,0.42,48.91,79,24.37,803.5,10.17
2023-24,Wendell Carter Jr.,ORL,0.42372917602275395,57.972805933250925,0.61,35.73,55,25.57,861.5,15.66
2023-24,Onyeka Okongwu,ATL,0.4234511665704326,57.849196538936965,0.61,35.69,55,25.54,862.5,15.68
2023-24,Nickeil Alexander-Walker,MIN,0.4232226107226107,57.72558714462299,0.42,48.8,82,23.43,799.5,9.75
2023-24,Kyle Anderson,MIN,0.42272673809371053,57.60197775030902,0.47,45.27,79,22.56,835.0,10.57
2024-25,Andrew Nembhard,IND,0.42094106199610787,57.47836835599506,0.43,47.78,65,28.93,817.0,12.57
2023-24,Dorian Finney-Smith,BKN,0.42084750112273045,57.354758961681085,0.41,49.15,68,28.45,798.5,11.74
2023-24,Kevin Love,MIA,0.42031955048010095,57.231149567367126,0.78,23.48,55,16.8,724.5,13.17
2023-24,Marvin Bagley III,WAS,0.4190778640319925,57.10754017305315,0.73,26.76,50,21.07,764.5,15.29
2024-25,Jalen Wilson,BKN,0.418714313209726,56.983930778739186,0.37,51.61,79,25.71,744.0,9.42
2024-25,Scoot Henderson,POR,0.41869560103505055,56.86032138442522,0.47,44.69,66,26.65,818.5,12.4
2024-25,Duncan Robinson,MIA,0.41861406941682167,56.736711990111246,0.46,45.37,74,24.13,828.0,11.19
2023-24,Eric Gordon,PHX,0.41828794294390625,56.61310259579728,0.42,48.09,68,27.83,803.0,11.81
2024-25,Davion Mitchell,MIA,0.4180192895789226,56.48949320148331,0.37,51.51,74,27.4,759.5,10.26
2024-25,Anthony Black,ORL,0.417245407497701,56.36588380716935,0.42,47.94,78,24.19,785.0,10.06
2024-25,Nick Richards,PHX,0.4164795449199119,56.24227441285537,0.65,31.92,57,22.04,816.5,14.32
2024-25,Jeremy Sochan,SAS,0.4162229208100767,56.118665018541414,0.61,34.65,54,25.26,825.5,15.29
2024-25,Ochai Agbaji,TOR,0.4150814781548726,55.99505562422744,0.47,44.17,64,27.17,809.5,12.65
2023-24,Terance Mann,LAC,0.41474332242680867,55.87144622991347,0.42,47.58,75,24.97,784.5,10.46
2023-24,Reggie Jackson,DEN,0.41448937148478426,55.74783683559951,0.44,46.16,82,22.16,794.5,9.69
2023-24,OG Anunoby,NYK,0.4134254506960929,55.624227441285534,0.48,43.24,50,34.04,812.5,16.25
2023-24,Simone Fontecchio,DET,0.4128239879386668,55.500618046971574,0.5,41.77,66,24.91,819.5,12.42
2023-24,Jaden McDaniels,MIN,0.41254998823806166,55.3770086526576,0.33,53.49,72,29.24,704.5,9.78
2024-25,Luke Kennard,MEM,0.4112281067556297,55.25339925834364,0.56,37.39,65,22.64,826.0,12.71
2024-25,Kevon Looney,GSW,0.41074693654968886,55.12978986402967,0.68,29.02,76,15.03,772.0,10.16
2023-24,Day'Ron Sharpe,BKN,0.4100786445969932,55.006180469715694,0.76,23.39,61,15.09,700.5,11.48
2024-25,Grayson Allen,PHX,0.40952396227625587,54.88257107540173,0.53,39.22,64,24.12,825.5,12.9
2024-25,Isaiah Stewart,DET,0.4093635722076089,54.75896168108776,0.57,36.43,72,19.91,821.5,11.41
2024-25,Moussa Diabaté,CHA,0.4088917580890058,54.635352286773795,0.64,31.52,71,17.47,789.5,11.12
2023-24,Derrick Jones Jr.,DAL,0.4085121682598747,54.51174289245982,0.44,45.3,76,23.46,780.0,10.26
2024-25,Georges Niang,ATL,0.4077837300314364,54.38813349814586,0.47,43.12,79,21.48,790.5,10.01
2023-24,Isaac Okoro,CLE,0.4076300228823164,54.26452410383189,0.4,47.94,69,27.35,756.0,10.96
2024-25,Chet Holmgren,OKC,0.4071020722396869,54.14091470951793,0.77,22.27,32,27.39,673.0,21.03
2024-25,Ausar Thompson,DET,0.4050210110989927,54.017305315203956,0.6,33.73,59,22.5,795.5,13.48
2023-24,De'Andre Hunter,ATL,0.40493413314514226,53.89369592088998,0.47,42.71,57,29.49,798.5,14.01
2024-25,Brice Sensabaugh,UTA,0.4042083680845149,53.77008652657602,0.56,36.38,71,20.17,801.0,11.28
2024-25,Isaiah Collier,UTA,0.404027929257287,53.64647713226205,0.41,46.73,71,25.9,750.0,10.56
2024-25,Matas Buzelis,CHI,0.40382476850366755,53.52286773794809,0.53,38.4,80,18.89,799.5,9.99
2024-25,D'Angelo Russell,BKN,0.4031417741280126,53.399258343634116,0.54,37.61,58,25.52,796.5,13.73
2024-25,Day'Ron Sharpe,BKN,0.40297737430764946,53.27564894932016,0.75,23.06,50,18.15,682.0,13.64
2024-25,Brandon Clarke,MEM,0.4029145548640961,53.15203955500618,0.64,30.66,64,18.86,766.5,11.98
2023-24,Georges Niang,CLE,0.4025683796325998,53.02843016069221,0.41,46.52,82,22.33,755.0,9.21
2023-24,Ausar Thompson,DET,0.40198161929813303,52.90482076637824,0.5,40.21,63,25.12,799.0,12.68
2024-25,Kevin Huerter,CHI,0.39977892902204826,52.78121137206428,0.46,42.66,69,24.33,773.5,11.21
2024-25,Sam Hauser,BOS,0.3994220611193088,52.65760197775031,0.51,39.15,71,21.71,792.0,11.15
2023-24,Jonathan Isaac,ORL,0.3994207245354034,52.53399258343634,0.74,23.24,58,15.77,677.0,11.67
2024-25,Moses Moody,GSW,0.3993044417356343,52.41038318912238,0.47,41.9,74,22.29,777.0,10.5
2023-24,Caleb Martin,MIA,0.3990478176257993,52.286773794808404,0.43,44.63,64,27.45,753.0,11.77
2024-25,Kris Dunn,LAC,0.39889678364449,52.16316440049443,0.42,45.3,74,24.09,746.0,10.08
2023-24,Kevin Huerter,SAC,0.3983674964179551,52.03955500618047,0.5,39.69,64,24.41,778.0,12.16
2023-24,Cason Wallace,OKC,0.3972648146960074,51.9159456118665,0.45,42.99,82,20.63,754.5,9.2
2023-24,Isaiah Joe,OKC,0.3968865614507816,51.79233621755254,0.54,36.71,78,18.52,776.0,9.95
2023-24,Christian Braun,DEN,0.3956087872372276,51.668726823238565,0.46,42.06,82,20.19,762.0,9.29
2024-25,Dorian Finney-Smith,LAL,0.3956061140694168,51.545117428924605,0.4,46.21,63,28.87,729.5,11.58
2024-25,Mason Plumlee,PHX,0.3953481533756763,51.42150803461063,0.59,33.03,74,17.57,765.0,10.34
2023-24,Bennedict Mathurin,IND,0.39419735463313443,51.29789864029666,0.5,39.09,59,26.07,771.5,13.08
2024-25,Trayce Jackson-Davis,GSW,0.39417195953893197,51.1742892459827,0.71,24.56,62,15.59,685.5,11.06
2023-24,Luke Kornet,BOS,0.3922833664806141,51.050679851668725,0.7,24.98,63,15.61,684.0,10.86
2024-25,Paul George,PHI,0.39164046962212096,50.92707045735476,0.57,33.88,41,32.53,762.5,18.6
2024-25,Jaime Jaquez Jr.,MIA,0.3882107953208871,50.803461063040785,0.55,34.77,66,20.73,754.5,11.43
2024-25,Kyshawn George,WAS,0.38787932251235,50.679851668726826,0.39,45.79,68,26.5,695.5,10.23
2024-25,Jusuf Nurkić,CHA,0.3870920745920746,50.55624227441285,0.66,27.0,51,20.84,697.5,13.68
2023-24,Toumani Camara,POR,0.38637432903487945,50.43263288009888,0.41,44.19,70,24.85,710.0,10.14
2024-25,Haywood Highsmith,MIA,0.38592122709095183,50.30902348578492,0.38,46.2,74,24.57,682.5,9.22
2023-24,Vince Williams Jr.,MEM,0.3858116272107098,50.185414091470946,0.52,36.5,52,27.63,753.0,14.48
2024-25,Chris Boucher,TOR,0.38536921793802525,50.06180469715699,0.73,21.91,50,17.25,633.5,12.67
2024-25,Miles McBride,NYK,0.3846274138705331,49.93819530284301,0.46,40.48,64,24.9,737.5,11.52
2023-24,Andrew Nembhard,IND,0.3836757661298945,49.81458590852905,0.42,43.11,68,24.95,712.5,10.48
2023-24,Dario Šarić,GSW,0.38366240029084064,49.69097651421508,0.64,27.89,64,17.15,703.0,10.98
2023-24,Malcolm Brogdon,POR,0.3829553474048887,49.567367119901114,0.63,28.48,39,28.74,706.5,18.12
2023-24,Kyle Lowry,PHI,0.38242472359444835,49.44375772558715,0.42,42.93,60,28.16,712.0,11.87
2024-25,Jonathan Isaac,ORL,0.3822723530292338,49.32014833127318,0.64,27.69,71,15.35,697.5,9.82
2024-25,Terry Rozier,MIA,0.3816722268557131,49.196538936959215,0.43,42.13,64,25.91,719.5,11.24
2023-24,Kevon Looney,GSW,0.3815292123778362,49.07292954264524,0.6,30.35,74,16.14,717.0,9.69
2024-25,Dalton Knecht,LAL,0.38146639293428286,48.949320148331275,0.49,37.95,78,19.15,732.5,9.39
2024-25,Peyton Watson,DEN,0.381255212677231,48.8257107540173,0.43,42.07,68,24.35,716.0,10.53
2024-25,Ziaire Williams,BKN,0.38026079425161985,48.702101359703335,0.47,39.16,63,24.47,727.5,11.55
2024-25,Dereck Lively II,DAL,0.38015654070699945,48.57849196538937,0.73,21.16,36,23.13,610.0,16.94
2024-25,Thomas Bryant,IND,0.37912336134813196,48.4548825710754,0.68,24.47,66,14.59,653.0,9.89
2023-24,Isaiah Jackson,IND,0.3788600543187699,48.331273176761435,0.75,19.59,60,12.85,577.5,9.62
2024-25,Jose Alvarado,NOP,0.37810889416394006,48.20766378244747,0.53,34.7,56,24.39,722.5,12.9
2023-24,LaMelo Ball,CHA,0.3779110797459421,48.084054388133495,0.77,18.07,22,32.33,549.5,24.98
2023-24,Scoot Henderson,POR,0.3765384080751053,47.96044499381953,0.38,44.85,62,28.47,669.0,10.79
2024-25,Corey Kispert,WAS,0.37647157887983573,47.83683559950556,0.44,40.69,61,26.25,702.0,11.51
2024-25,Jaylin Williams,OKC,0.376345939992729,47.713226205191596,0.74,19.92,47,16.68,576.5,12.27
2023-24,Larry Nance Jr.,NOP,0.37573645773187053,47.58961681087763,0.58,30.9,61,19.94,700.0,11.48
2023-24,Bojan Bogdanović,NYK,0.37387860610337664,47.46600741656366,0.48,37.55,57,25.93,713.5,12.52
2024-25,Amir Coffey,LAC,0.3734108017364898,47.3423980222497,0.38,44.4,72,24.27,672.5,9.34
2024-25,Dejounte Murray,NOP,0.37338807981009814,47.21878862793572,0.65,25.72,31,32.65,654.0,21.1
2024-25,Sandro Mamukelashvili,SAS,0.3726289001518359,47.09517923362176,0.77,17.31,61,11.17,527.0,8.64
2024-25,Trey Lyles,SAC,0.37045160496995355,46.97156983930778,0.52,34.29,69,19.56,700.0,10.14
2023-24,Pat Connaughton,MIL,0.37044625863433206,46.84796044499382,0.4,42.59,76,22.06,666.0,8.76
2024-25,Gradey Dick,TOR,0.369161801501251,46.72435105067985,0.43,40.33,54,29.4,684.0,12.67
2023-24,Aaron Wiggins,OKC,0.3682061440088963,46.600741656365884,0.56,31.2,78,15.74,691.5,8.87
2024-25,Immanuel Quickley,TOR,0.36632289728620004,46.47713226205192,0.67,23.32,33,27.81,615.5,18.65
2023-24,Isaiah Stewart,DET,0.36414827527212845,46.35352286773795,0.48,36.15,46,30.93,685.5,14.9
2024-25,Ayo Dosunmu,CHI,0.3638127927118753,46.22991347342398,0.49,35.41,46,30.3,682.5,14.84
2023-24,Goga Bitadze,ORL,0.3636577489788499,46.10630407911001,0.65,24.32,62,15.44,624.5,10.07
2023-24,Bilal Coulibaly,WAS,0.3629039156562092,45.982694684796044,0.37,43.58,63,27.23,640.5,10.17
2023-24,Julian Champagnie,SAS,0.36245616004790315,45.85908529048208,0.46,37.29,74,19.84,681.0,9.2
2024-25,Patrick Williams,CHI,0.362408043027309,45.73547589616811,0.42,40.05,63,25.02,656.5,10.42
2024-25,Zach Collins,CHI,0.3623251748251748,45.611866501854145,0.64,24.82,64,15.27,626.0,9.78
2024-25,Max Strus,CLE,0.3617063364769787,45.48825710754018,0.53,32.34,50,25.45,670.5,13.41
2023-24,Patrick Beverley,MIL,0.3615526293278587,45.364647713226205,0.46,37.16,73,20.03,668.5,9.16
2023-24,Peyton Watson,DEN,0.36119308825730845,45.24103831891224,0.45,37.8,80,18.6,669.0,8.36
2023-24,Duop Reath,POR,0.36096586899339195,45.11742892459827,0.55,30.85,68,17.85,669.0,9.84
2024-25,Jake LaRavia,SAC,0.36076671799148863,44.9938195302843,0.5,34.28,66,20.44,675.5,10.23
2024-25,Jeremiah Robinson-Earl,NOP,0.3605368255597613,44.87021013597033,0.54,31.48,66,18.77,673.0,10.2
2024-25,Jay Huff,MEM,0.3603363379739526,44.746600741656366,0.72,19.0,64,11.69,538.0,8.41
2023-24,GG Jackson,MEM,0.35949429011355616,44.6229913473424,0.54,31.33,48,25.69,671.5,13.99
2024-25,Jonathan Kuminga,GSW,0.35820983298047515,44.49938195302843,0.57,29.07,47,24.34,653.5,13.9
2023-24,Drew Eubanks,PHX,0.35771128718376427,44.37577255871446,0.56,29.69,75,15.58,652.5,8.7
2024-25,Tristan da Silva,ORL,0.35722878039391803,44.25216316440049,0.39,41.38,74,22.01,642.0,8.68
2024-25,Cole Anthony,ORL,0.35482560253202455,44.128553770086526,0.53,31.35,67,18.42,653.5,9.75
2024-25,Josh Green,CHA,0.3548149098607814,44.00494437577256,0.29,47.95,68,27.76,545.5,8.02
2023-24,Nicolas Batum,PHI,0.354137261820748,43.88133498145859,0.42,38.86,60,25.49,638.0,10.63
2024-25,Jerami Grant,POR,0.35309472637454287,43.75772558714463,0.42,38.71,47,32.42,633.5,13.48
2024-25,AJ Green,MIL,0.3529650777357199,43.63411619283066,0.37,42.15,73,22.73,609.0,8.34
2024-25,Moritz Wagner,ORL,0.35191719595389315,43.51050679851669,0.77,14.33,30,18.81,433.0,14.43
2024-25,Alex Caruso,OKC,0.34954609610572906,43.38689740420272,0.59,26.44,54,19.27,610.5,11.31
2023-24,Naji Marshall,NOP,0.3493108573383803,43.263288009888754,0.51,31.94,66,19.05,639.0,9.68
2024-25,Steven Adams,HOU,0.34923734522358374,43.13967861557478,0.68,20.17,58,13.69,536.0,9.24
2024-25,Precious Achiuwa,NYK,0.34830440965762066,43.016069221260814,0.54,29.72,57,20.52,628.0,11.02
2023-24,Dyson Daniels,NOP,0.34801169778234,42.89245982694685,0.47,34.52,61,22.27,641.0,10.51
2023-24,Marcus Sasser,DET,0.34669115288381336,42.76885043263288,0.47,34.33,71,19.03,632.5,8.91
2023-24,Malaki Branham,SAS,0.34637438249823566,42.64524103831891,0.38,40.51,75,21.26,603.5,8.05
2023-24,Cam Whitmore,HOU,0.34529709587049034,42.52163164400494,0.64,22.37,47,18.73,562.5,11.97
2023-24,James Wiseman,DET,0.3440193216569363,42.398022249690975,0.56,27.72,63,17.32,612.5,9.72
2024-25,Terance Mann,ATL,0.3433884540535917,42.27441285537701,0.44,35.93,67,21.11,620.0,9.25
2023-24,Cameron Payne,PHI,0.34315856162186437,42.15080346106304,0.48,33.13,78,16.72,620.0,7.95
2023-24,Kris Dunn,UTA,0.34311311776908104,42.027194066749075,0.5,31.74,66,18.93,620.0,9.39
2024-25,Kenrich Williams,OKC,0.3415626804388272,41.90358467243511,0.54,28.75,69,16.4,609.0,8.83
2023-24,Alec Burks,NYK,0.3412485832210603,41.77997527812114,0.51,30.78,66,18.36,619.0,9.38
2024-25,Sam Merrill,CLE,0.34109487607194033,41.65636588380717,0.44,35.6,71,19.74,618.5,8.71
2023-24,Moses Moody,GSW,0.34106413464211627,41.5327564894932,0.53,29.37,66,17.51,609.5,9.23
2024-25,Nikola Jović,MIA,0.3409946322790359,41.409147095179236,0.53,29.36,46,25.12,610.5,13.27
2024-25,Tyrese Martin,BKN,0.34036643784350207,41.28553770086526,0.47,33.42,60,21.92,617.5,10.29
2024-25,Jonathan Mogbo,TOR,0.3398919505570881,41.161928306551296,0.48,32.66,63,20.41,623.0,9.89
2024-25,Aaron Nesmith,IND,0.33982512136181864,41.03831891223733,0.54,28.5,45,24.92,608.5,13.52
2024-25,Richaun Holmes,WAS,0.33701963174440236,40.91470951792336,0.75,13.57,31,17.23,399.0,12.87
2024-25,Jarace Walker,IND,0.3368699343469985,40.79110012360939,0.51,30.15,75,15.82,600.0,8.0
2024-25,Jared Butler,PHI,0.33567903808729493,40.66749072929542,0.56,26.52,60,17.4,583.0,9.72
2024-25,Vít Krejčí,ATL,0.3356309210667009,40.54388133498146,0.52,29.28,57,20.22,594.0,10.42
2024-25,Jaxson Hayes,LAL,0.33468194649387306,40.42027194066749,0.54,27.76,56,19.51,594.0,10.61
2024-25,Kyle Anderson,MIA,0.3331194799084707,40.296662546353524,0.57,25.46,61,16.43,573.0,9.39
2024-25,Ryan Dunn,PHX,0.33307804580740363,40.17305315203956,0.42,35.83,74,19.06,595.0,8.04
2023-24,Miles McBride,NYK,0.3329056264836081,40.04944375772559,0.45,33.73,68,19.53,592.0,8.71
2023-24,Gordon Hayward,OKC,0.332802709522893,39.925834363411624,0.48,31.64,51,24.42,594.5,11.66
2024-25,Johnny Juzang,UTA,0.33230416372618204,39.80222496909765,0.47,32.26,64,19.84,591.5,9.24
2023-24,Matisse Thybulle,POR,0.33227743204807425,39.678615574783684,0.39,37.79,65,22.88,587.0,9.03
2023-24,Trey Lyles,SAC,0.33186576420521374,39.55500618046972,0.51,29.43,58,19.97,593.5,10.23
2024-25,Bogdan Bogdanović,LAC,0.33164255469301346,39.431396786155744,0.44,34.24,54,24.96,592.0,10.96
2024-25,Jordan Clarkson,UTA,0.3309074335450482,39.30778739184178,0.58,24.45,37,26.01,553.5,14.96
2023-24,Ochai Agbaji,TOR,0.33067620452941554,39.18417799752781,0.33,41.71,78,21.05,534.5,6.85
2023-24,Josh Green,DAL,0.3305278437159171,39.060568603213845,0.38,38.23,57,26.4,579.0,10.16
2023-24,Sam Merrill,CLE,0.3305118047090524,38.93695920889987,0.54,27.16,61,17.52,573.5,9.4
2023-24,John Konchar,MEM,0.32976866405765487,38.813349814585905,0.5,29.82,55,21.34,583.0,10.6
2024-25,Gary Payton II,GSW,0.32952941553858983,38.68974042027194,0.59,23.56,62,14.95,544.0,8.77
2024-25,Khris Middleton,WAS,0.329078986762473,38.56613102595797,0.62,21.42,37,22.79,526.0,14.22
2023-24,Jordan Goodwin,MEM,0.3281487243643207,38.442521631644006,0.54,26.82,57,18.52,573.0,10.05
2024-25,Cam Thomas,BKN,0.3277825003742435,38.31891223733004,0.64,19.85,25,31.25,498.0,19.92
2023-24,Cedi Osman,SAS,0.3272879643292487,38.19530284301607,0.46,32.23,72,17.62,586.0,8.14
2023-24,Neemias Queta,BOS,0.32561188811188807,38.0716934487021,0.8,8.47,28,11.9,265.5,9.48
2024-25,Tre Jones,CHI,0.32556778084301013,37.94808405438813,0.59,22.99,46,19.67,531.0,11.54
2024-25,Nicolas Batum,LAC,0.32550228823164606,37.824474660074166,0.42,34.74,78,17.53,575.5,7.38
2023-24,Haywood Highsmith,MIA,0.3252242787793247,37.7008652657602,0.42,34.7,66,20.69,578.0,8.76
2024-25,Ben Simmons,LAC,0.32505453262333994,37.51545117428925,0.51,28.45,51,21.95,572.0,11.22
2024-25,Dalano Banton,POR,0.32505453262333994,37.51545117428925,0.51,28.45,67,16.72,569.5,8.5
2024-25,Brandon Miller,CHA,0.3240266996000941,37.33003708281829,0.58,23.46,27,34.21,533.0,19.74
2024-25,Jamal Shead,TOR,0.32385561686020403,37.20642768850433,0.38,37.27,75,19.56,562.0,7.49
2024-25,Jalen Suggs,ORL,0.32357359765616645,37.08281829419035,0.55,25.47,35,28.64,553.5,15.81
2023-24,Luke Kennard,MEM,0.32294807638844336,36.95920889987639,0.55,25.38,39,25.62,551.5,14.14
2024-25,Andre Drummond,PHI,0.32236131605397655,36.83559950556242,0.64,19.07,40,18.77,480.0,12.0
2023-24,Dalano Banton,POR,0.3218119800688608,36.711990111248454,0.53,26.6,54,19.39,556.0,10.3
2024-25,DeAndre Jordan,DEN,0.32141234148114883,36.58838071693449,0.66,17.55,56,12.33,452.5,8.08
2024-25,Adem Bona,PHI,0.32069058617223756,36.46477132262052,0.58,22.98,58,15.6,521.5,8.99
2024-25,Cameron Payne,NYK,0.3197723530292338,36.341161928306555,0.51,27.69,72,15.14,554.5,7.7
2023-24,Danté Exum,DAL,0.3193553388507517,36.21755253399258,0.51,27.63,55,19.77,550.0,10.0
2024-25,Jordan Hawkins,NOP,0.31723150702508496,36.093943139678615,0.42,33.55,56,23.58,554.0,9.89
2024-25,Bol Bol,PHX,0.3170604242851949,35.97033374536465,0.74,11.39,36,12.46,330.0,9.17
2024-25,Cam Whitmore,HOU,0.31654450289771385,35.84672435105068,0.6,21.0,51,16.21,494.0,9.69
2023-24,Daniel Theis,LAC,0.31611278629627254,35.723114956736715,0.53,25.78,60,16.91,539.5,8.99
2023-24,Tre Mann,CHA,0.3160553131883407,35.59950556242274,0.54,25.08,41,24.08,536.0,13.07
2023-24,Bol Bol,PHX,0.31593635722076086,35.475896168108775,0.73,11.92,43,10.91,344.5,8.01
2023-24,Lonnie Walker IV,BKN,0.31548726502854946,35.35228677379481,0.53,25.69,58,17.43,534.5,9.22
2024-25,Dean Wade,CLE,0.31482298282757004,35.228677379480835,0.44,31.82,59,21.23,547.5,9.28
2024-25,Ricky Council IV,PHI,0.314405968649088,35.10506798516687,0.44,31.76,73,17.12,556.0,7.62
2024-25,Tristan Vukcevic,WAS,0.3139662325442142,34.9814585908529,0.71,13.02,35,14.64,365.0,10.43
2024-25,Charles Bassey,SAS,0.31381787173071574,34.857849196538936,0.76,9.54,36,10.43,286.0,7.94
2023-24,Amir Coffey,LAC,0.31312819443553386,34.73423980222497,0.36,37.11,70,20.87,523.0,7.47
2024-25,Drew Eubanks,LAC,0.31191190308162786,34.610630407911,0.62,18.95,61,12.23,462.5,7.58
2023-24,Mo Bamba,PHI,0.310938869998503,34.48702101359704,0.62,18.81,57,12.99,461.5,8.1
2024-25,Cody Martin,PHX,0.3104683924638053,34.36341161928306,0.46,29.81,53,22.14,535.5,10.1
2023-24,Talen Horton-Tucker,UTA,0.31026255854237506,34.2398022249691,0.52,25.63,51,19.78,519.5,10.19
2023-24,Jeff Green,HOU,0.31006073437266096,34.11619283065513,0.41,33.21,78,16.76,531.5,6.81
2024-25,Jaden Ivey,DET,0.30996316374756744,33.992583436341164,0.56,22.82,30,29.93,502.5,16.75
2023-24,Jaylin Williams,OKC,0.30975465665832635,33.8689740420272,0.56,22.79,69,13.0,500.5,7.25
2023-24,Chris Boucher,TOR,0.3094913496289643,33.74536464771323,0.63,17.91,50,14.1,447.0,8.94
2024-25,Kelly Olynyk,NOP,0.3087121212121212,33.62175525339926,0.56,22.64,44,20.25,502.0,11.41
2024-25,Neemias Queta,BOS,0.308585145741109,33.49814585908529,0.57,21.93,62,13.92,493.5,7.96
2023-24,Aaron Holiday,HOU,0.3081961998246402,33.37453646477132,0.42,32.25,78,16.27,530.5,6.8
2023-24,De'Anthony Melton,PHI,0.3080264536686555,33.25092707045735,0.51,26.0,38,26.93,524.0,13.79
2023-24,Trendon Watford,BKN,0.30740360556874313,33.127317676143385,0.57,21.76,63,13.6,487.0,7.73
2023-24,Mitchell Robinson,NYK,0.3061886507987425,33.00370828182942,0.6,19.51,31,24.78,460.0,14.84
2024-25,Javonte Green,CLE,0.3061806312953102,32.88009888751545,0.42,31.96,68,18.5,525.5,7.73
2024-25,Karlo Matković,NOP,0.30541209554971016,32.756489493201485,0.59,20.09,42,18.82,468.5,11.15
2023-24,Zach LaVine,CHI,0.3053065054211843,32.57107540173053,0.56,22.15,25,34.87,490.5,19.62
2023-24,Christian Wood,LAL,0.3053065054211843,32.57107540173053,0.56,22.15,50,17.44,487.0,9.74
2024-25,Robert Williams III,POR,0.3047705352751224,32.38566131025958,0.75,8.93,20,17.57,264.5,13.22
2023-24,Dennis Smith Jr.,BKN,0.3046662817305019,32.26205191594561,0.49,26.9,56,18.9,518.0,9.25
2024-25,Ronald Holland II,DET,0.30283248861230516,32.138442521631646,0.41,32.17,81,15.63,515.0,6.36
2024-25,Kai Jones,DAL,0.3013742755715232,32.01483312731768,0.7,11.9,40,11.71,327.0,8.18
2024-25,Julian Strawther,DEN,0.2995057312717863,31.89122373300371,0.36,35.15,65,21.28,498.0,7.66
2023-24,Kris Murray,POR,0.2980582109022476,31.767614338689743,0.37,34.25,62,21.75,495.5,7.99
2024-25,Simone Fontecchio,DET,0.29761981138127924,31.64400494437577,0.41,31.42,75,16.49,507.5,6.77
2024-25,Nick Smith Jr.,CHA,0.2969341438378136,31.520395550061803,0.36,34.78,60,22.81,499.0,8.32
2023-24,Thomas Bryant,MIA,0.29657861251897943,31.396786155747836,0.7,11.21,38,11.61,308.0,8.11
2023-24,Joe Ingles,ORL,0.29528078954684456,31.27317676143387,0.43,29.7,68,17.19,503.0,7.4
2023-24,Nikola Jović,MIA,0.2951925750090888,31.1495673671199,0.53,22.77,46,19.48,478.0,10.39
2023-24,Kenrich Williams,OKC,0.29457640982870337,31.025957972805934,0.48,26.14,69,14.91,495.0,7.17
2023-24,Jose Alvarado,NOP,0.294506907465623,30.902348578491967,0.48,26.13,56,18.36,494.5,8.83
2023-24,Mason Plumlee,LAC,0.2943852783302324,30.778739184178,0.61,17.12,46,14.65,410.5,8.92
2023-24,Tari Eason,HOU,0.293843961848549,30.655129789864027,0.68,12.2,22,21.82,327.0,14.86
2023-24,Jordan Hawkins,NOP,0.29382123992215736,30.53152039555006,0.43,29.49,67,17.32,497.5,7.43
2024-25,Quinten Post,GSW,0.29166265691495047,30.407911001236094,0.6,17.42,42,16.33,412.5,9.82
2023-24,Patrick Williams,CHI,0.2913766279591967,30.284301606922128,0.42,29.83,43,27.3,494.5,11.5
2023-24,Jordan Nwora,TOR,0.29137261820748056,30.160692212608158,0.59,18.07,52,13.68,420.5,8.09
2023-24,Omer Yurtseven,UTA,0.29088877483372894,30.03708281829419,0.65,13.85,48,11.36,356.0,7.42
2024-25,Seth Curry,CHA,0.2907992237120678,29.913473423980225,0.46,26.98,68,15.62,487.0,7.16
2023-24,Xavier Tillman,BOS,0.28979277603130815,29.78986402966625,0.49,24.76,54,18.05,474.5,8.79
2023-24,Dean Wade,CLE,0.2893156155770835,29.666254635352285,0.44,28.15,54,20.52,492.0,9.11
2023-24,Chimezie Metu,DET,0.288589850516456,29.54264524103832,0.53,21.82,51,16.84,459.0,9.0
2024-25,Brandon Boston,NOP,0.2881821924253116,29.419035846724352,0.48,25.22,42,23.64,472.0,11.24
2024-25,Jamison Battle,TOR,0.2872546031949702,29.295426452410382,0.46,26.47,59,17.66,475.0,8.05
2023-24,Vasilije Micić,CHA,0.2868469451038258,29.171817058096416,0.41,29.87,60,19.6,487.0,8.12
2023-24,Jock Landale,HOU,0.28619335557408954,29.04820766378245,0.56,19.4,56,13.63,426.5,7.62
2024-25,Alec Burks,MIA,0.28461618656572785,28.924598269468483,0.52,21.94,49,17.62,450.0,9.18
2023-24,Gradey Dick,TOR,0.28387972883385726,28.80098887515451,0.37,32.21,60,21.13,465.5,7.76
2024-25,Jabari Walker,POR,0.28362176814011675,28.677379480840543,0.56,19.03,60,12.49,423.0,7.05
2023-24,Josh Richardson,MIA,0.28360439254934666,28.553770086526576,0.43,28.02,43,25.65,475.0,11.05
2024-25,Justin Edwards,PHI,0.28316331986056753,28.43016069221261,0.41,29.34,44,26.24,478.5,10.88
2024-25,Kevin Love,MIA,0.2823092427450225,28.30655129789864,0.74,6.39,23,10.93,185.5,8.07
2024-25,Gabe Vincent,LAL,0.28160486302688137,28.182941903584673,0.27,38.8,72,21.21,414.0,5.75
2024-25,Larry Nance Jr.,ATL,0.28123997562070957,28.059332509270707,0.66,11.77,24,19.3,307.0,12.79
2023-24,Shaedon Sharpe,POR,0.28069732255512075,27.935723114956733,0.44,26.91,32,33.09,466.0,14.56
2024-25,Tidjane Salaün,CHA,0.2797095870490366,27.812113720642767,0.37,31.61,60,20.74,464.5,7.74
2024-25,Lonzo Ball,CHI,0.2789410513034366,27.6885043263288,0.54,19.74,35,22.2,420.5,12.01
2024-25,Ja'Kobe Walter,TOR,0.2788662026047347,27.564894932014834,0.42,28.03,52,21.22,468.0,9.0
2023-24,Jaden Hardy,DAL,0.27794128654220396,27.441285537700864,0.46,25.13,73,13.55,457.0,6.26
2023-24,David Roddy,PHX,0.27744006757768225,27.317676143386898,0.39,29.9,65,18.11,453.5,6.98
2024-25,Collin Gillespie,PHX,0.2760847714976155,27.19406674907293,0.65,11.72,33,13.98,299.0,9.06
2024-25,Brandon Williams,DAL,0.27586423515322595,27.070457354758965,0.64,12.38,33,14.76,309.5,9.38
2023-24,Craig Porter Jr.,CLE,0.27565305489617414,26.94684796044499,0.58,16.5,51,12.73,376.5,7.38
2024-25,Trendon Watford,BKN,0.27407321272000174,26.823238566131025,0.48,23.19,44,20.74,438.0,9.95
2023-24,Torrey Craig,CHI,0.27401306644425916,26.699629171817058,0.43,26.64,53,19.78,455.0,8.58
2023-24,Taylor Hendricks,UTA,0.273749759414897,26.57601977750309,0.5,21.76,40,21.41,430.0,10.75
2023-24,Jaxson Hayes,LAL,0.2725561899873826,26.45241038318912,0.49,22.28,70,12.53,430.0,6.14
2024-25,Ben Sheppard,IND,0.2723303073073715,26.328800988875155,0.36,31.24,63,19.52,445.0,7.06
2024-25,Ryan Rollins,MIL,0.2720242295930369,26.20519159456119,0.51,20.82,56,14.63,420.0,7.5
2023-24,Jordan McLaughlin,MIN,0.2715524154744338,26.081582200247215,0.58,15.91,56,11.18,361.0,6.45
2024-25,Josh Okogie,CHA,0.27134390838519273,25.95797280593325,0.58,15.88,40,15.62,364.5,9.11
2023-24,Keon Ellis,SAC,0.2712570304313424,25.834363411619282,0.45,24.86,57,17.17,442.0,7.75
2024-25,Marcus Sasser,DET,0.2704951776052693,25.710754017305316,0.51,20.6,57,14.22,412.5,7.24
2024-25,Caleb Martin,DAL,0.2703147387780415,25.58714462299135,0.36,30.95,45,27.07,440.0,9.78
2023-24,Dwight Powell,DAL,0.2702051388977994,25.46353522867738,0.5,21.25,63,13.27,419.5,6.66
2023-24,Gary Harris,ORL,0.2698616368341139,25.339925834363413,0.33,32.96,54,24.02,433.5,8.03
2024-25,Orlando Robinson,TOR,0.2680746241526058,25.21631644004944,0.52,19.56,44,17.5,401.0,9.11
2024-25,Julian Phillips,CHI,0.26791824383567503,25.092707045735473,0.39,28.53,79,14.21,434.5,5.5
2023-24,Malachi Flynn,DET,0.26774849767969033,24.969097651421507,0.48,22.28,69,12.71,422.5,6.12
2024-25,Malcolm Brogdon,WAS,0.2653787344154316,24.84548825710754,0.59,14.33,24,23.5,332.5,13.85
2024-25,Mouhamed Gueye,ATL,0.2646957400397767,24.721878862793574,0.6,13.54,33,16.14,318.5,9.65
2024-25,Oso Ighodaro,PHX,0.2638416629242317,24.598269468479607,0.41,26.56,61,17.14,430.5,7.06
2023-24,Josh Okogie,PHX,0.2631132246957935,24.474660074165637,0.44,24.38,60,16.0,419.0,6.98
2023-24,Ziaire Williams,MEM,0.2624516156626248,24.351050679851667,0.41,26.36,51,20.35,426.0,8.35
2023-24,Bruno Fernando,ATL,0.26219098180107353,24.2274412855377,0.54,17.33,45,15.16,369.0,8.2
2024-25,Talen Horton-Tucker,CHI,0.25994284767220543,24.103831891223734,0.52,18.39,58,12.48,377.5,6.51
2023-24,Jae Crowder,MIL,0.2592638630482667,23.980222496909764,0.36,29.36,50,23.11,420.0,8.4
2023-24,Markelle Fultz,ORL,0.2591636192553624,23.856613102595798,0.45,23.12,43,21.16,413.5,9.62
2023-24,Scotty Pippen Jr.,MEM,0.25877600992279887,23.73300370828183,0.59,13.38,21,25.09,313.0,14.9
2024-25,Noah Clowney,BKN,0.2584779517118967,23.60939431396786,0.4,26.48,46,22.66,414.0,9.0
2023-24,Delon Wright,MIA,0.2582627617031287,23.48578491965389,0.51,18.84,47,15.78,379.0,8.06
2023-24,Killian Hayes,DET,0.2571694360685186,23.362175525339925,0.41,25.6,42,23.99,415.5,9.89
2023-24,Jake LaRavia,MEM,0.25516856996214793,23.23856613102596,0.48,20.47,35,23.02,387.0,11.06
2024-25,Jock Landale,HOU,0.2540498492333354,23.11495673671199,0.59,12.7,42,11.91,293.5,6.99
2024-25,Bruce Brown,NOP,0.25156380316930776,22.991347342398022,0.43,23.41,41,22.48,400.0,9.76
2024-25,Jeff Dowtin Jr.,PHI,0.25134861316053975,22.867737948084056,0.54,15.77,41,15.14,337.0,8.22
2024-25,Isaac Okoro,CLE,0.2508086332627617,22.74412855377009,0.38,26.76,55,19.15,404.5,7.35
2023-24,DeAndre Jordan,DEN,0.25005479994012103,22.62051915945612,0.62,10.05,36,10.99,244.0,6.78
2023-24,Lamar Stevens,MEM,0.25005212677231026,22.49690976514215,0.56,14.2,38,14.71,313.5,8.25
2024-25,John Konchar,MEM,0.24991312204614957,22.373300370828183,0.56,14.18,46,12.14,313.5,6.82
2023-24,Richaun Holmes,WAS,0.24921809841534612,22.249690976514216,0.56,14.08,40,13.85,311.5,7.79
2023-24,Jontay Porter,TOR,0.24853777720750195,22.126081582200246,0.63,9.14,26,13.84,227.0,8.73
2024-25,Jared McCain,PHI,0.24627494065567457,22.00247218788628,0.54,15.04,23,25.73,319.0,13.87
2024-25,Garrison Mathews,ATL,0.24491563482389173,21.878862793572313,0.45,21.07,47,17.65,372.0,7.91
2023-24,Davion Mitchell,SAC,0.24486484463548686,21.755253399258343,0.35,27.98,72,15.29,387.5,5.38
2024-25,Mo Bamba,NOP,0.24363652402643224,21.631644004944377,0.6,10.51,32,12.92,248.0,7.75
2024-25,Aaron Holiday,HOU,0.24319010500203161,21.508034610630407,0.46,20.13,62,12.78,365.5,5.9
2024-25,Gui Santos,GSW,0.24257661298945699,21.38442521631644,0.47,19.35,56,13.6,358.5,6.4
2023-24,Jared Butler,WAS,0.24161828232929147,21.26081582200247,0.54,14.37,40,14.14,303.0,7.58
2024-25,Jarred Vanderbilt,LAL,0.23952118218173263,21.137206427688504,0.53,14.76,36,16.13,306.5,8.51
2024-25,Kris Murray,POR,0.2388996706657257,21.013597033374538,0.36,26.43,69,15.08,378.0,5.48
2023-24,Danilo Gallinari,MIL,0.2384545882252304,20.88998763906057,0.51,15.99,49,12.84,319.0,6.51
2024-25,Marcus Smart,WAS,0.2378745108102906,20.7663782447466,0.49,17.29,34,20.01,336.0,9.88
2023-24,Gary Payton II,GSW,0.2377355060841299,20.64276885043263,0.49,17.27,44,15.45,336.5,7.65
2024-25,Shake Milton,LAL,0.2365512927439533,20.519159456118665,0.43,21.25,57,14.67,360.0,6.32
2024-25,Jaden Hardy,DAL,0.23463864117533845,20.395550061804695,0.4,23.05,57,15.92,364.0,6.39
2023-24,Tristan Thompson,CLE,0.2338914907722247,20.27194066749073,0.53,13.95,49,11.2,290.5,5.93
2023-24,Jae'Sean Tate,HOU,0.23256292637026582,20.148331273176762,0.35,26.21,65,15.87,357.0,5.49
2023-24,Sasha Vezenkov,SAC,0.23195745386112357,20.024721878862795,0.54,12.98,42,12.17,276.5,6.58
2023-24,Anthony Black,ORL,0.23194676118988045,19.901112484548825,0.3,29.58,69,16.87,354.5,5.14
2023-24,Quentin Grimes,DET,0.23138138619789994,19.77750309023486,0.35,26.04,51,20.1,356.5,6.99
2024-25,Dalen Terry,CHI,0.22951685164987914,19.65389369592089,0.36,25.08,73,13.52,356.5,4.88
2023-24,Thaddeus Young,PHX,0.2289929107589658,19.530284301606923,0.56,11.17,33,13.32,247.0,7.48
2024-25,Svi Mykhailiuk,UTA,0.22794502897713909,19.406674907292953,0.44,19.32,38,20.01,334.0,8.79
2024-25,Daniel Theis,NOP,0.22737965398515853,19.283065512978986,0.49,15.78,38,16.35,305.0,8.03
2023-24,Max Christie,LAL,0.2267487863818139,19.15945611866502,0.37,23.99,67,14.09,351.0,5.24
2024-25,Bismack Biyombo,SAS,0.22526116849511343,19.03584672435105,0.52,13.4,28,18.84,272.0,9.71
2024-25,DaQuan Jeffries,CHA,0.22515958811830372,18.912237330037083,0.32,27.22,47,22.8,340.0,7.23
2024-25,Duop Reath,POR,0.22465970573768737,18.788627935723117,0.54,11.93,46,10.2,252.0,5.48
2023-24,Doug McDermott,IND,0.2245367400183914,18.665018541409147,0.38,22.98,64,14.13,345.0,5.39
2024-25,Andre Jackson Jr.,MIL,0.22345811680674066,18.541409147095177,0.35,24.9,67,14.63,342.5,5.11
2024-25,Craig Porter Jr.,CLE,0.22275908342422102,18.41779975278121,0.52,13.04,51,10.06,264.5,5.19
2023-24,Dominick Barlow,SAS,0.2206405979341759,18.294190358467244,0.55,10.66,33,12.71,231.5,7.02
2023-24,Troy Brown Jr.,DET,0.22039065674386776,18.170580964153277,0.4,21.0,59,14.01,332.0,5.63
2024-25,Pat Connaughton,MIL,0.2193748529757704,18.046971569839307,0.48,15.32,41,14.7,290.5,7.09
2023-24,Oshae Brissett,BOS,0.21936282372062188,17.92336217552534,0.47,16.01,55,11.46,299.0,5.44
2023-24,Bismack Biyombo,OKC,0.21901263873740937,17.79975278121137,0.41,20.11,40,19.79,323.0,8.07
2023-24,Marcus Morris Sr.,CLE,0.21872260002993948,17.676143386897404,0.4,20.76,49,16.67,327.5,6.68
2024-25,Monté Morris,PHX,0.21848335151087445,17.552533992583434,0.49,14.5,45,12.68,282.5,6.28
2024-25,Jordan Goodwin,LAL,0.2182868736767819,17.428924598269468,0.5,13.78,29,18.71,269.5,9.29
2023-24,Jevon Carter,CHI,0.21801287397617675,17.3053152039555,0.33,25.5,72,13.94,336.0,4.67
2023-24,Dāvis Bertāns,CHA,0.2175317037702359,17.18170580964153,0.45,17.13,43,15.68,304.5,7.08
2023-24,Jacob Gilyard,BKN,0.21696365561044462,17.058096415327565,0.44,17.74,41,17.03,309.5,7.55
2024-25,Lonnie Walker IV,PHI,0.21629536365774896,16.9344870210136,0.52,12.11,20,23.84,249.5,12.48
2023-24,Garrison Mathews,ATL,0.21599730544684675,16.81087762669963,0.33,25.21,66,15.03,324.5,4.92
2023-24,Keita Bates-Diop,BKN,0.21579414469322727,16.68726823238566,0.45,16.88,53,12.54,298.0,5.62
2023-24,Blake Wesley,SAS,0.21465537520583391,16.563658838071692,0.37,22.25,61,14.36,323.0,5.3
2023-24,Monté Morris,MIN,0.21134866662389595,16.440049443757726,0.51,12.09,33,14.43,244.5,7.41
2024-25,Jalen Pickett,DEN,0.2113339642009367,16.31644004944376,0.44,16.93,49,13.6,294.5,6.01
2024-25,Olivier-Maxence Prosper,DAL,0.21123104724022151,16.19283065512979,0.47,14.84,52,11.23,276.0,5.31
2024-25,Tosan Evbuomwan,BKN,0.21105595474861533,16.069221260815823,0.44,16.89,28,23.75,295.0,10.54
2023-24,Jarred Vanderbilt,LAL,0.21074453069865912,15.945611866501855,0.47,14.77,29,20.04,276.0,9.52
2024-25,Antonio Reeves,NOP,0.21015242402857084,15.822002472187885,0.44,16.76,44,14.99,292.5,6.65
2023-24,Marcus Smart,MEM,0.2101069801757875,15.698393077873918,0.46,15.37,20,30.24,279.0,13.95
2024-25,Eric Gordon,PHI,0.21010430700797672,15.57478368355995,0.4,19.52,39,19.7,305.0,7.82
2024-25,David Roddy,HOU,0.2092876542417827,15.451174289245984,0.53,10.41,33,12.42,216.0,6.55
2023-24,Maxi Kleber,DAL,0.20908315690425783,15.327564894932014,0.36,22.14,43,20.27,315.5,7.34
2023-24,Robert Covington,PHI,0.20876504993477468,15.203955500618047,0.5,12.41,29,16.84,242.0,8.34
2023-24,Aleksej Pokusevski,CHA,0.2085231282478989,15.080346106304079,0.53,10.3,28,14.48,214.5,7.66
2023-24,Justin Holiday,DEN,0.20741510019032952,14.956736711990112,0.36,21.9,58,14.86,309.0,5.33
2023-24,Cody Martin,CHA,0.2073937148478433,14.833127317676142,0.4,19.13,28,26.89,297.5,10.62
2024-25,Lindy Waters III,DET,0.2071036761403734,14.709517923362176,0.39,19.78,52,14.97,307.0,5.9
2023-24,Noah Clowney,BKN,0.20707560787836016,14.585908529048208,0.54,9.4,23,16.08,201.0,8.74
2024-25,KJ Martin,UTA,0.20655701332306836,14.462299134734241,0.34,23.16,43,21.2,310.5,7.22
2024-25,Jericho Sims,MIL,0.205148253886786,14.338689740420271,0.44,16.04,53,11.91,278.0,5.25
2024-25,Micah Potter,UTA,0.20379162122281388,14.215080346106305,0.41,17.92,38,18.56,289.5,7.62
2024-25,Dominick Barlow,ATL,0.20317144629071235,14.091470951792337,0.53,9.53,35,10.71,197.0,5.63
2023-24,JT Thor,CHA,0.2026434956480828,13.967861557478367,0.38,19.83,63,12.39,293.5,4.66
2023-24,Jalen Wilson,BKN,0.20137106777015035,13.8442521631644,0.42,16.88,43,15.45,282.0,6.56
2024-25,Kessler Edwards,DAL,0.20111711682812602,13.720642768850432,0.44,15.46,40,15.21,269.5,6.74
2023-24,Cam Reddish,LAL,0.20011467889908258,13.597033374536466,0.3,25.0,48,20.5,298.0,6.21
2023-24,Trey Jemison III,MEM,0.199808601184748,13.473423980222496,0.45,14.58,25,22.96,256.0,10.24
2024-25,KJ Simpson,CHA,0.19906278736553967,13.349814585908529,0.35,21.39,36,23.39,297.5,8.26
2024-25,A.J. Lawson,TOR,0.19880215350398833,13.22620519159456,0.48,12.36,26,18.71,235.5,9.06
2023-24,Landry Shamet,WAS,0.1979293642137679,13.102595797280594,0.39,18.46,46,15.79,286.5,6.23
2023-24,Derrick Rose,MEM,0.1978652081863091,12.978986402966624,0.51,10.15,24,16.64,203.5,8.48
2023-24,AJ Green,MIL,0.19735195996663887,12.855377008652658,0.43,15.61,56,10.97,263.0,4.7
2023-24,Bryce McGowens,CHA,0.19646714142126986,12.73176761433869,0.33,22.4,59,14.94,292.0,4.95
2024-25,Zeke Nnaji,DEN,0.19623992215735336,12.60815822002472,0.43,15.45,57,10.67,261.0,4.58
2024-25,Reed Sheppard,HOU,0.19475631402236906,12.484548825710753,0.41,16.62,52,12.58,268.0,5.15
2023-24,Bones Hyland,LAC,0.19383139795983834,12.360939431396787,0.45,13.72,37,14.6,241.5,6.53
2024-25,Torrey Craig,BOS,0.1923985800132589,12.237330037082819,0.53,7.98,26,12.07,167.5,6.44
2023-24,Jarace Walker,IND,0.19224754603194968,12.11372064276885,0.52,8.65,33,10.32,178.0,5.39
2024-25,Dwight Powell,DAL,0.1909697718183957,11.990111248454882,0.44,14.0,55,10.02,244.0,4.44
2023-24,Patrick Baldwin Jr.,WAS,0.19043781142404995,11.866501854140916,0.46,12.54,38,12.99,229.0,6.03
2024-25,Landry Shamet,NYK,0.18969199760484162,11.742892459826946,0.36,19.35,50,15.23,275.0,5.5
2024-25,Caleb Houstan,ORL,0.18954096362353243,11.61928306551298,0.35,20.02,58,13.59,277.5,4.78
2024-25,Colby Jones,WAS,0.1893832467226963,11.495673671199011,0.45,13.08,39,13.2,231.0,5.92
2024-25,Jae'Sean Tate,HOU,0.18788760933256343,11.372064276885045,0.42,14.94,52,11.31,245.5,4.72
2024-25,Jeff Green,HOU,0.18769380466628172,11.248454882571075,0.49,10.07,32,12.39,193.5,6.05
2023-24,Jericho Sims,NYK,0.1873315904279207,11.124845488257108,0.42,14.86,45,13.0,246.5,5.48
2024-25,Cory Joseph,ORL,0.1872500588096918,11.00123609394314,0.41,15.54,50,12.23,251.5,5.03
2024-25,Wendell Moore Jr.,CHA,0.18660315219948248,10.877626699629172,0.45,12.68,36,13.86,224.5,6.24
2023-24,Svi Mykhailiuk,BOS,0.18587471397104421,10.754017305315204,0.48,10.5,41,10.08,199.5,4.87
2024-25,Quenton Jackson,IND,0.18498321250614827,10.630407911001235,0.49,9.68,28,13.61,188.0,6.71
2023-24,Caleb Houstan,ORL,0.18472124206069163,10.506798516687269,0.33,20.71,59,13.82,272.5,4.62
2024-25,Ajay Mitchell,OKC,0.18467847137571905,10.3831891223733,0.41,15.17,36,16.58,245.5,6.82
2024-25,Ousmane Dieng,OKC,0.18441516434635696,10.259579728059332,0.48,10.29,37,10.94,195.0,5.27
2024-25,Pelle Larsson,MIA,0.18369073586963497,10.135970333745364,0.34,19.87,55,14.22,263.5,4.79
2023-24,Brice Sensabaugh,UTA,0.182454395757148,10.012360939431398,0.41,14.85,32,18.26,241.5,7.55
2024-25,Cam Spencer,MEM,0.18148670900964478,9.88875154511743,0.53,6.41,25,10.09,133.0,5.32
2024-25,Blake Wesley,SAS,0.18066871965954534,9.765142150803461,0.37,17.36,58,11.78,254.0,4.38
2023-24,Dalen Terry,CHI,0.18018220311798294,9.641532756489493,0.37,17.29,59,11.54,254.0,4.31
2023-24,Ben Sheppard,IND,0.17977454502683862,9.517923362175525,0.32,20.69,57,14.29,258.0,4.53
2024-25,Vasilije Micić,PHX,0.17936956010350508,9.394313967861558,0.33,19.94,41,19.14,256.5,6.26
2024-25,Herbert Jones,NOP,0.17929070165308697,9.270704573547588,0.38,16.47,20,32.41,245.0,12.25
2023-24,Nick Smith Jr.,CHA,0.17904610679840038,9.147095179233622,0.35,18.51,51,14.29,258.5,5.07
2023-24,Seth Curry,CHA,0.17832969782511068,9.023485784919654,0.39,15.64,44,13.99,240.0,5.45
2024-25,Jamal Cain,NOP,0.17747428412566027,8.899876390605685,0.43,12.75,37,13.56,216.5,5.85
2023-24,KJ Martin,PHI,0.1774355231924039,8.776266996291717,0.34,18.97,60,12.44,250.5,4.18
2024-25,Keaton Wallace,ATL,0.17733527939949958,8.65265760197775,0.43,12.73,31,16.17,216.0,6.97
2023-24,MarJon Beauchamp,MIL,0.17693965056350375,8.529048207663783,0.39,15.44,48,12.66,237.0,4.94
2024-25,Vince Williams Jr.,MEM,0.1769182652210175,8.405438813349814,0.43,12.67,27,18.46,214.5,7.94
2024-25,Rob Dillingham,MIN,0.17516867688886037,8.281829419035846,0.42,13.11,49,10.53,214.5,4.38
2023-24,Skylar Mays,LAL,0.17499625756506493,8.15822002472188,0.45,11.01,38,11.4,195.5,5.14
2024-25,Colin Castleton,TOR,0.1747877504758239,8.034610630407911,0.45,10.98,26,16.62,193.5,7.44
2024-25,GG Jackson,MEM,0.17463671649451468,7.911001236093942,0.44,11.65,29,15.81,204.0,7.03
2024-25,Danté Exum,DAL,0.17383877590299604,7.787391841779975,0.47,9.46,20,18.62,176.5,8.82
2023-24,Chris Duarte,SAC,0.17263986013986016,7.663782447466007,0.34,18.28,59,12.2,248.0,4.2
2024-25,Kyle Lowry,PHI,0.17162138320395198,7.5401730531520395,0.36,16.75,35,18.84,236.5,6.76
2024-25,Elfrid Payton,NOP,0.16945745386112357,7.416563658838071,0.41,12.98,24,21.28,211.0,8.79
2023-24,Kevin Knox II,DET,0.16852986463078207,7.292954264524104,0.39,14.23,31,18.07,217.0,7.0
2024-25,Delon Wright,NYK,0.16724273432989029,7.169344870210136,0.36,16.12,40,15.86,229.0,5.72
2024-25,Taj Gibson,CHA,0.16587941874639123,7.045735475896168,0.44,10.39,37,11.05,180.0,4.86
2023-24,Javon Freeman-Liberty,TOR,0.16483688330018606,6.9221260815822,0.44,10.24,22,18.32,177.0,8.05
2024-25,Trevelin Queen,ORL,0.16482485404503752,6.798516687268233,0.43,10.93,31,13.88,186.5,6.02
2024-25,Baylor Scheierman,BOS,0.1614312675092492,6.6749072929542645,0.44,9.75,31,12.38,167.0,5.39
2023-24,Mike Muscala,OKC,0.1611960287419003,6.551297898640297,0.36,15.25,53,11.32,217.5,4.1
2023-24,Lester Quinones,GSW,0.15850013900472615,6.427688504326329,0.43,10.02,37,10.66,171.5,4.64
2023-24,Nassir Little,PHX,0.1553364449006651,6.30407911001236,0.4,11.64,45,10.18,183.0,4.07
2023-24,Jaden Springer,BOS,0.15433935330724322,6.180469715698393,0.38,12.88,49,10.35,192.0,3.92
2024-25,Devin Carter,SAC,0.15397045614935523,6.056860321384425,0.42,10.06,36,11.0,165.0,4.58
2023-24,Ousmane Dieng,OKC,0.1532874617737003,5.933250927070458,0.43,9.27,33,11.06,156.5,4.74
2023-24,Shake Milton,NYK,0.15305222300635143,5.80964153275649,0.35,14.77,48,12.11,203.5,4.24
2024-25,Dillon Jones,OKC,0.15257773571993752,5.686032138442522,0.36,14.01,54,10.21,200.0,3.7
2023-24,Ish Smith,CHA,0.1523545262077372,5.562422744128554,0.29,18.82,43,17.23,212.0,4.93
2024-25,Jaylen Clark,MIN,0.152172750796604,5.438813349814586,0.37,13.26,40,13.05,193.0,4.82
2024-25,Cody Williams,UTA,0.15095913261050878,5.315203955500618,0.17,26.92,50,21.19,185.0,3.7
2024-25,Jett Howard,ORL,0.1501424798443147,5.19159456118665,0.3,17.81,60,11.69,207.0,3.45
2023-24,Devonte' Graham,SAS,0.14892084215478713,5.067985166872682,0.44,7.95,23,13.61,139.0,6.04
2024-25,Terrence Shannon Jr.,MIN,0.14870030581039756,4.944375772558715,0.43,8.61,32,10.59,146.0,4.56
2023-24,Evan Fournier,DET,0.14796652124633777,4.8207663782447465,0.34,14.73,32,18.11,197.5,6.17
2023-24,Stanley Umude,DET,0.14787830670858196,4.697156983930779,0.44,7.8,24,12.8,135.5,5.65
2023-24,Julian Strawther,DEN,0.14672750796604006,4.573547589616811,0.35,13.86,50,10.91,188.5,3.77
2023-24,Leaky Black,CHA,0.14384716964992195,4.449938195302843,0.44,7.22,26,10.93,126.0,4.85
2023-24,Andre Jackson Jr.,MIL,0.1418382840401189,4.326328800988875,0.33,14.54,57,10.04,186.5,3.27
2024-25,Jordan Miller,LAC,0.13904883342956736,4.202719406674907,0.38,10.68,37,11.36,161.5,4.36
2024-25,Gary Harris,ORL,0.1374569619982464,4.07911001236094,0.27,18.06,48,14.81,193.0,4.02
2024-25,Maxwell Lewis,BKN,0.13713885502876327,3.955500618046971,0.41,8.33,28,11.7,133.0,4.75
2023-24,Vít Krejčí,ATL,0.13634759735677168,3.8318912237330034,0.33,13.75,22,24.61,177.0,8.05
2024-25,AJ Johnson,WAS,0.13428391180684757,3.7082818294190356,0.29,16.22,29,22.01,184.5,6.36
2023-24,Matt Ryan,NOP,0.13376665383546116,3.584672435105068,0.38,9.92,28,13.94,148.5,5.3
2024-25,Reggie Jackson,PHI,0.13265461602617565,3.4610630407911,0.38,9.76,31,12.39,146.5,4.73
2023-24,Johnny Juzang,UTA,0.13050004277068494,3.3374536464771323,0.38,9.45,20,18.59,142.5,7.12
2023-24,Trent Forrest,ATL,0.12825190864181688,3.2138442521631645,0.36,10.51,38,10.89,149.5,3.93
2024-25,Dariq Whitehead,BKN,0.12749005581574388,3.0902348578491967,0.42,6.25,20,12.3,104.5,5.22
2023-24,Rayan Rupert,POR,0.1237649964714185,2.966625463535229,0.27,16.09,39,16.24,171.5,4.4
2024-25,JT Thor,WAS,0.11843069010500203,2.843016069221261,0.4,6.33,20,12.47,99.5,4.97
2024-25,Isaiah Wong,CHA,0.1165420970466842,2.719406674907293,0.39,6.75,20,13.28,104.5,5.22
2024-25,Cam Reddish,LAL,0.11605023416950025,2.595797280593325,0.27,14.98,33,17.86,158.0,4.79
2023-24,Garrett Temple,TOR,0.11583504416073222,2.4721878862793574,0.38,7.34,27,10.69,109.5,4.06
2023-24,Wesley Matthews,ATL,0.11368982699257929,2.3485784919653896,0.33,10.49,36,11.47,135.0,3.75
2023-24,Danuel House Jr.,PHI,0.11141763435341415,2.2249690976514214,0.29,12.93,34,14.97,150.0,4.41
2024-25,Trey Jemison III,LAL,0.11000620174932102,2.1013597033374536,0.33,9.96,38,10.32,128.0,3.37
2024-25,Maxi Kleber,LAL,0.10996744081606466,1.9777503090234856,0.24,16.18,34,18.73,152.5,4.49
2023-24,Johnny Davis,WAS,0.10586680139432433,1.8541409147095178,0.24,15.59,50,12.27,149.0,2.98
2024-25,Patty Mills,LAC,0.10223396633947093,1.73053152039555,0.34,8.15,29,11.06,109.0,3.76
2023-24,Brandon Boston,LAC,0.10173542054276,1.6069221260815822,0.33,8.77,32,10.79,114.0,3.56
2023-24,Patty Mills,MIA,0.09968376424798442,1.4833127317676145,0.3,10.55,32,12.98,123.0,3.84
2024-25,Reece Beekman,BKN,0.09478251106691474,1.3597033374536465,0.27,11.92,36,13.04,127.0,3.53
2023-24,Jalen McDaniels,TOR,0.09252234768289813,1.2360939431396787,0.24,13.67,50,10.76,127.5,2.55
2023-24,P.J. Tucker,LAC,0.08822523042706529,1.1124845488257107,0.25,12.36,31,15.69,120.5,3.89
2023-24,Yuta Watanabe,MEM,0.07471771347918137,0.9888751545117428,0.23,11.8,34,13.66,105.0,3.09
2023-24,Isaiah Livers,DET,0.07081355189153353,0.865265760197775,0.22,11.93,23,20.41,102.5,4.46
2023-24,Justin Minaya,POR,0.06959859712153289,0.7416563658838072,0.25,9.68,34,11.21,93.5,2.75
2023-24,Ibou Badji,POR,0.0662531276063386,0.6180469715698393,0.3,5.74,22,10.26,67.5,3.07
2023-24,Cory Joseph,GSW,0.06420147131156305,0.4944375772558714,0.27,7.52,26,11.38,80.5,3.1
2023-24,Onuralp Bitim,CHI,0.040036034302089345,0.3708281829419036,0.23,6.81,23,11.65,60.5,2.63
2023-24,Taj Gibson,DET,0.028846153846153844,0.2472187886279357,0.23,5.2,20,10.23,47.0,2.35
2023-24,Nathan Mensah,CHA,0.022808804345501584,0.12360939431396785,0.18,7.79,25,12.27,54.5,2.18
