PLAYER_NAME,TEAM_ABBREVIATION,FANTASY_RANK_SCORE,FANTASY_RANK_PERCENTILE,FANTASY_POINTS_PER_MIN,PCT_MINUTES_PLAYED,GP,AVG_MINUTES,FANTASY_POINTS,AVG_FANTASY_PPG
Nikola Jokić,DEN,0.9483737603223139,100.0,1.1728859060402683,67.54744966442952,149,35.62187919463087,6244.5,41.910805369127516
Shai Gilgeous-Alexander,OKC,0.8482166364279,99.79423868312757,0.9951655629139071,65.42880794701986,151,34.11046357615894,5114.5,33.87132450331126
Giannis Antetokounmpo,MIL,0.8465214797831974,99.58847736625515,1.0447857142857144,61.836499999999994,140,34.68664285714286,5060.5,36.14807142857143
Domantas Sabonis,SAC,0.8251351659084782,99.38271604938271,0.9007894736842106,68.55052631578947,152,35.24486842105264,4843.5,31.864605263157895
Luka Dončić,LAL,0.7967134836075994,99.1769547325103,1.0033333333333334,57.61166666666667,120,36.60666666666667,4420.0,36.835833333333326
Anthony Davis,DAL,0.789570343172264,98.97119341563786,0.9759842519685039,58.45220472440944,127,34.690708661417325,4307.5,33.91606299212599
Jayson Tatum,BOS,0.7822253194780573,98.76543209876543,0.8350684931506849,66.93876712328766,146,36.090273972602745,4401.5,30.148219178082186
LeBron James,LAL,0.7821088075986122,98.559670781893,0.895177304964539,62.86035460992909,141,35.09120567375887,4420.5,31.35156028368794
Anthony Edwards,MIN,0.7725818851559179,98.35390946502058,0.745,71.66499999999999,158,35.705000000000005,4188.0,26.509999999999998
Kevin Durant,PHX,0.7436870807055942,98.14814814814815,0.7854744525547446,64.85386861313869,137,36.90226277372263,3972.5,28.994817518248176
Victor Wembanyama,SAS,0.738388990051464,97.94238683127571,1.027863247863248,47.7265811965812,117,31.057863247863253,3730.5,31.881965811965813
Tyrese Haliburton,IND,0.7381226879551563,97.7366255144033,0.8537323943661972,59.4562676056338,142,32.918873239436614,3991.0,28.103521126760562
James Harden,LAC,0.7352264191678953,97.53086419753086,0.736158940397351,66.99298013245033,151,34.823178807947016,3882.0,25.708874172185432
Stephen Curry,GSW,0.7335860545348855,97.32510288065843,0.8445833333333332,59.434583333333336,144,32.457499999999996,3952.5,27.449305555555554
Jarrett Allen,CLE,0.7245461515981002,97.11934156378601,0.8154716981132075,60.126666666666665,159,29.801509433962266,3867.5,24.328364779874214
Devin Booker,PHX,0.7204001685104067,96.91358024691358,0.708041958041958,66.8016083916084,143,36.65657342657343,3703.0,25.89384615384615
Jalen Brunson,NYK,0.7193121967228394,96.70781893004116,0.7425352112676056,64.31718309859156,142,35.405422535211265,3724.5,26.22887323943662
Nikola Vučević,CHI,0.718953571017657,96.50205761316872,0.7734899328859061,62.174765100671145,149,32.8065100671141,3757.5,25.221342281879195
Pascal Siakam,IND,0.7167633947101943,96.29629629629629,0.7101265822784809,66.14772151898734,158,32.94354430379747,3693.0,23.374936708860762
Bam Adebayo,MIA,0.7166013553148769,96.09053497942386,0.7295302013422817,64.81362416107382,149,34.160872483221475,3715.0,24.93496644295302
DeMar DeRozan,SAC,0.7138465157444764,95.88477366255144,0.6002564102564102,73.16096153846154,156,36.897115384615375,3464.0,22.203397435897436
Karl-Anthony Towns,MIN,0.7108833791740766,95.67901234567901,0.8159701492537313,58.16567164179105,134,33.89507462686568,3715.5,27.72686567164179
Rudy Gobert,MIN,0.6947999368153714,95.47325102880659,0.7056756756756757,63.35027027027027,148,33.65783783783784,3525.0,23.81918918918919
Mikal Bridges,NYK,0.6944169073557072,95.26748971193416,0.5349999999999999,74.83,164,35.92,3142.0,19.16
Damian Lillard,MIL,0.6936370907690943,95.06172839506173,0.7521374045801527,60.046488549618324,131,35.656488549618324,3494.5,26.671603053435113
Trae Young,ATL,0.6922063954943105,94.8559670781893,0.7324615384615385,61.17430769230769,130,36.00676923076923,3421.5,26.322000000000003
Ivica Zubac,LAC,0.6854084425471533,94.65020576131687,0.7802702702702703,56.984594594594604,148,29.85486486486487,3488.0,23.568918918918918
Alperen Sengun,HOU,0.6841493816032872,94.44444444444444,0.78,56.825251798561155,139,31.945107913669062,3471.0,24.96884892086331
Josh Hart,NYK,0.6840619651127006,94.23868312757202,0.5682278481012658,71.12386075949367,158,35.46683544303798,3214.5,20.342974683544305
De'Aaron Fox,SAS,0.6818575628931505,94.03292181069959,0.6880882352941178,62.713088235294116,136,36.03029411764706,3367.0,24.75485294117647
Michael Porter Jr.,DEN,0.6786888326328215,93.82716049382715,0.64,65.51575949367088,158,32.64443037974684,3314.5,20.977151898734178
Austin Reaves,LAL,0.6754195088533494,93.62139917695474,0.628258064516129,65.84806451612904,155,33.41167741935484,3248.0,20.954387096774195
Jalen Green,HOU,0.6650247357328227,93.4156378600823,0.585,67.305,164,32.305,3106.0,18.939999999999998
Donovan Mitchell,CLE,0.6641622870127599,93.20987654320987,0.7874603174603174,53.501666666666665,126,33.133650793650794,3295.0,26.146825396825395
Coby White,CHI,0.6639686137486842,93.00411522633745,0.5738562091503269,67.90908496732027,153,34.84490196078432,3041.5,19.88019607843137
Cade Cunningham,DET,0.6617435062119642,92.79835390946502,0.718939393939394,57.79090909090909,132,34.292575757575754,3267.5,24.754545454545454
Derrick White,BOS,0.6607788824832999,92.5925925925926,0.64,62.9893288590604,149,33.25248322147651,3172.5,21.287651006711407
Tyrese Maxey,PHI,0.6531807102921431,92.38683127572016,0.6757377049180328,59.50245901639344,122,37.59098360655738,3099.5,25.403934426229505
Tyler Herro,MIA,0.6505588135890439,92.18106995884774,0.7011764705882353,57.413529411764706,119,34.72294117647059,2903.5,24.39823529411765
Paolo Banchero,ORL,0.6505404457880466,91.9753086419753,0.6655555555555556,59.81809523809524,126,34.760952380952375,2931.5,23.264603174603177
Scottie Barnes,TOR,0.6472973541430878,91.76954732510289,0.7487999999999999,53.7352,125,33.8236,3166.5,25.328799999999998
Chet Holmgren,OKC,0.6437520307386293,91.56378600823045,0.7915789473684212,50.344210526315784,114,28.85017543859649,2603.0,22.835438596491226
Dejounte Murray,NOP,0.6433582402547913,91.35802469135803,0.6786238532110092,57.92183486238532,109,34.81825688073395,2575.5,23.626055045871556
Evan Mobley,CLE,0.6428305830762897,91.1522633744856,0.8186776859504132,48.38297520661157,121,30.567851239669423,3020.0,24.95925619834711
Miles Bridges,CHA,0.6422359605885108,90.94650205761316,0.6629323308270676,58.82390977443609,133,34.66233082706767,3038.0,22.842631578947366
Jalen Williams,OKC,0.6420013989722094,90.74074074074075,0.6944999999999999,56.65757142857142,140,31.862142857142857,3101.0,22.149428571428572
Josh Giddey,OKC,0.6345819494795639,90.53497942386831,0.7426666666666667,52.355999999999995,150,27.52,3072.5,20.47933333333333
Kawhi Leonard,LAC,0.6336487389452853,90.3292181069959,0.7918095238095239,48.90342857142858,105,33.431333333333335,2785.5,26.52657142857143
Jamal Murray,DEN,0.6322909173611841,90.12345679012346,0.7015079365079366,54.81420634920635,126,33.964126984126985,2998.5,23.796031746031748
Jalen Duren,DET,0.6291086147837153,89.91769547325103,0.7836690647482015,48.81309352517986,139,27.41726618705036,2991.0,21.517913669064747
Brook Lopez,MIL,0.6271897164687146,89.7119341563786,0.5699371069182391,62.985786163522015,159,31.179119496855343,2816.0,17.71012578616352
Myles Turner,IND,0.626200254932349,89.50617283950618,0.7016778523489934,53.94355704697987,149,28.525973154362422,2966.0,19.906375838926177
Jaylen Brown,BOS,0.6232093315295948,89.30041152263375,0.6457894736842106,57.29842105263158,133,33.83421052631579,2899.0,21.799473684210525
Jaren Jackson Jr.,MEM,0.6204498017306328,89.09465020576131,0.6728571428571429,55.080000000000005,140,30.932571428571425,2910.5,20.79
Keegan Murray,SAC,0.6178022959363018,88.88888888888889,0.5050980392156863,66.04320261437908,153,33.97764705882353,2608.0,17.04751633986928
Kyrie Irving,DAL,0.6176767319323277,88.68312757201646,0.7583333333333334,48.91259259259259,108,35.49462962962963,2901.5,26.86611111111111
Fred VanVleet,HOU,0.6161070176001617,88.47736625514403,0.5668421052631579,61.63157894736842,133,36.057218045112776,2711.0,20.38676691729323
Joel Embiid,PHI,0.6152721531366537,88.27160493827161,1.0753448275862068,27.150689655172418,58,32.47586206896552,2037.5,35.126724137931035
Deni Avdija,WAS,0.6143101364941802,88.06584362139918,0.6442857142857144,56.14469387755102,147,30.055714285714288,2857.5,19.440408163265307
Franz Wagner,ORL,0.6125978037371504,87.86008230452676,0.6463636363636364,55.762727272727275,132,33.03272727272727,2838.0,21.49909090909091
Zion Williamson,NOP,0.6097029424479943,87.65432098765432,0.7879999999999999,45.783,100,30.645,2415.5,24.155
Tobias Harris,DET,0.6058222952763912,87.44855967078189,0.5791608391608392,59.348321678321675,143,32.6813986013986,2706.0,18.92118881118881
Darius Garland,CLE,0.6054152726149785,87.24279835390946,0.6565909090909091,54.058409090909095,132,31.828636363636363,2725.0,20.645000000000003
Jimmy Butler III,GSW,0.604225940472638,87.03703703703704,0.7395652173913043,48.28347826086957,115,32.939565217391305,2797.5,24.330434782608695
Zach LaVine,CHI,0.6017427310298263,86.83127572016461,0.6347474747474747,55.01646464646465,99,35.094242424242424,2217.5,22.40060606060606
Jonas Valančiūnas,SAC,0.601562924404715,86.62551440329219,0.7998159509202454,43.83625766871165,163,21.154294478527603,2746.0,16.8479754601227
Paul George,PHI,0.5994341017194463,86.41975308641975,0.6600869565217391,52.9784347826087,115,33.35365217391304,2534.0,22.03617391304348
Desmond Bane,MEM,0.5923736558687466,86.21399176954732,0.7086486486486486,48.70081081081081,111,32.86432432432433,2587.5,23.30837837837838
Naz Reid,MIN,0.5867071354592435,86.0082304526749,0.6350310559006211,52.876335403726706,161,25.859875776397512,2650.5,16.45944099378882
Julius Randle,NYK,0.5865565867838016,85.80246913580247,0.6699999999999999,50.492,115,33.525999999999996,2596.5,22.578000000000003
Nic Claxton,BKN,0.5865051605243495,85.59670781893004,0.6653191489361703,50.80106382978724,141,28.350354609929077,2670.0,18.9363829787234
CJ McCollum,NOP,0.5779633120435221,85.39094650205762,0.6440983606557377,51.030163934426234,122,32.71,2579.0,21.139836065573768
Daniel Gafford,DAL,0.5772166003046463,85.18518518518519,0.8117557251908397,39.59503816793893,131,23.21030534351145,2460.5,18.781374045801527
Payton Pritchard,BOS,0.5728465553324642,84.97942386831275,0.6195061728395062,51.97024691358025,162,25.29222222222222,2558.5,15.795308641975309
Devin Vassell,SAS,0.5724854714818828,84.77366255144034,0.5909090909090909,53.85181818181819,132,32.056363636363635,2518.0,19.07424242424242
OG Anunoby,NYK,0.5720175272039211,84.5679012345679,0.5217741935483872,58.45774193548387,124,35.54387096774194,2293.5,18.493870967741934
Isaiah Hartenstein,OKC,0.5676599709547598,84.36213991769547,0.7145454545454546,44.81613636363636,132,26.407045454545454,2503.0,18.963863636363637
Kristaps Porziņģis,BOS,0.5668809819950857,84.15637860082305,0.8172727272727273,37.764242424242425,99,29.29363636363636,2368.0,23.920303030303028
Jordan Poole,WAS,0.5668412434351724,83.9506172839506,0.5545205479452056,55.51465753424658,146,29.767260273972607,2402.5,16.45328767123288
Tyus Jones,PHX,0.5651053550483057,83.7448559670782,0.5959183673469388,52.472244897959186,147,27.93,2460.0,16.73265306122449
Clint Capela,ATL,0.5630061561676518,83.53909465020575,0.7742187500000001,40.127109375,128,23.905078125000003,2381.5,18.6015625
Collin Sexton,UTA,0.5628181939734229,83.33333333333334,0.6408510638297872,49.113191489361704,141,27.180851063829788,2451.0,17.382978723404257
Harrison Barnes,SAC,0.5624177146763301,83.1275720164609,0.5,58.574999999999996,164,28.12,2291.5,13.975000000000001
Malik Beasley,MIL,0.5613267517363546,82.92181069958848,0.4962111801242236,58.67714285714286,161,28.69869565217391,2295.0,14.257018633540373
Walker Kessler,UTA,0.5606397236158407,82.71604938271605,0.7575409836065574,40.92032786885245,122,26.50573770491803,2480.5,20.334426229508196
Amen Thompson,HOU,0.5606245887807781,82.51028806584361,0.6752671755725191,46.47801526717557,131,27.5881679389313,2440.0,18.62641221374046
Bobby Portis,MIL,0.5603443139053808,82.3045267489712,0.7149618320610687,43.756030534351154,131,24.822900763358778,2322.5,17.72854961832061
Donte DiVincenzo,MIN,0.5598517262992114,82.09876543209876,0.5969930069930071,51.65853146853147,143,27.735244755244757,2366.0,16.549370629370628
Klay Thompson,DAL,0.559803415160963,81.89300411522635,0.5606711409395972,54.10624161073825,149,28.51476510067114,2383.0,15.995436241610737
Onyeka Okongwu,ATL,0.5594695514166949,81.6872427983539,0.6903100775193798,45.29852713178295,129,26.88806201550388,2411.0,18.69162790697674
Kyle Kuzma,MIL,0.5588530653551484,81.48148148148148,0.5640740740740741,53.742222222222225,135,31.241851851851848,2394.5,17.73296296296296
Lauri Markkanen,UTA,0.5581196996061213,81.27572016460906,0.733235294117647,42.20735294117647,102,32.31127450980392,2436.0,23.883039215686278
D'Angelo Russell,BKN,0.5572211153412132,81.06995884773663,0.5853731343283582,52.072686567164176,134,29.5865671641791,2348.0,17.51865671641791
Dennis Schröder,DET,0.5547627759116911,80.8641975308642,0.4854838709677419,58.47612903225806,155,29.613548387096778,2245.0,14.484516129032258
Jabari Smith Jr.,HOU,0.5502791530684136,80.65843621399176,0.5442857142857142,53.87,133,31.122857142857143,2261.5,17.0
Aaron Gordon,DEN,0.5488700718182107,80.45267489711934,0.6064516129032258,49.47024193548388,124,30.189112903225805,2272.0,18.31983870967742
Yves Missi,NOP,0.5473372598964417,80.24691358024691,0.6,49.69,73,26.79,1168.0,16.0
Chris Paul,GSW,0.5463292050177284,80.04115226337449,0.59,50.22357142857143,140,27.30371428571429,2245.0,16.03642857142857
Jrue Holiday,BOS,0.5459472486328826,79.83539094650206,0.5468702290076336,53.084274809160306,131,31.749312977099237,2286.5,17.45557251908397
Anfernee Simons,POR,0.5456007048119493,79.62962962962963,0.5758620689655172,51.076206896551724,116,33.39431034482759,2228.0,19.207241379310343
Jusuf Nurkić,CHA,0.5447482112869512,79.42386831275721,0.7018897637795276,42.439370078740154,127,24.729763779527563,2210.0,17.402204724409447
John Collins,UTA,0.5422996066697594,79.21810699588477,0.7048148148148147,41.89629629629629,108,28.904444444444447,2211.0,20.47407407407407
Christian Braun,DEN,0.542164364700207,79.01234567901234,0.5139751552795031,54.77360248447204,161,26.902546583850935,2283.0,14.177204968944098
Bub Carrington,WAS,0.5419112237792156,78.80658436213992,0.4000000000000001,62.44,82,29.97,984.0,12.0
Stephon Castle,SAS,0.541368749724505,78.60082304526749,0.51,54.93,81,26.690000000000005,1101.5,13.6
Malik Monk,SAC,0.5412735556661902,78.39506172839506,0.5862773722627738,49.761970802919706,137,28.656934306569344,2300.5,16.789927007299273
Jalen Johnson,ATL,0.5382921991507175,78.18930041152264,0.6952173913043478,41.979565217391304,92,34.48913043478261,2206.0,23.97478260869565
Brandon Ingram,TOR,0.5381324065250316,77.9835390946502,0.65,45.01268292682927,82,32.89609756097561,1760.5,21.468048780487802
RJ Barrett,TOR,0.5360916146059164,77.77777777777779,0.615,47.09,116,31.955,2288.0,19.724999999999998
Dyson Daniels,NOP,0.5358490138087112,77.57201646090535,0.5476642335766423,51.606131386861314,137,28.68284671532847,2209.0,16.124014598540143
Jakob Poeltl,TOR,0.5355274080992692,77.36625514403292,0.7413084112149532,38.47485981308411,107,28.07934579439252,2226.5,20.81046728971963
Trey Murphy III,NOP,0.5351998638001266,77.1604938271605,0.6448181818181818,44.94918181818182,110,32.22290909090909,2281.5,20.744999999999997
Jaden McDaniels,MIN,0.5345501527691806,76.95473251028807,0.41519480519480517,60.374805194805205,154,30.645714285714284,1998.0,12.969480519480518
Keldon Johnson,SAS,0.5338754357573537,76.74897119341564,0.5805479452054794,49.10554794520548,146,26.549657534246574,2260.5,15.482739726027395
Grayson Allen,PHX,0.5337913505331034,76.5432098765432,0.53,52.50956834532374,139,29.18654676258993,2149.5,15.46294964028777
Deandre Ayton,POR,0.531469141917082,76.33744855967079,0.7231578947368421,39.12894736842105,95,31.46578947368421,2150.0,22.635789473684213
P.J. Washington,DAL,0.5307935468358955,76.13168724279835,0.5294615384615383,52.12307692307692,130,31.196076923076927,2151.5,16.550923076923077
Buddy Hield,GSW,0.5290050200042353,75.92592592592592,0.5401204819277108,51.15048192771084,166,24.23301204819277,2162.0,13.02710843373494
Mike Conley,MIN,0.5287796179860061,75.7201646090535,0.5513605442176871,50.359115646258495,147,26.865238095238094,2190.5,14.903061224489797
Saddiq Bey,ATL,0.5280822759113887,75.51440329218107,0.52,52.38,63,32.72,1073.5,17.04
Russell Westbrook,LAC,0.5254723826089638,75.30864197530865,0.6037762237762238,46.35048951048951,143,25.322657342657344,2173.5,15.20041958041958
Norman Powell,LAC,0.5215631907583798,75.1028806584362,0.5385294117647059,50.20823529411764,136,29.031176470588235,2150.0,15.809411764705882
Zach Edey,MEM,0.5171435719272593,74.8971193415638,0.74,35.97,66,21.45,1049.5,15.900000000000002
Obi Toppin,IND,0.5164945337075283,74.69135802469135,0.6545341614906833,41.653975155279504,161,20.33944099378882,2133.5,13.250372670807453
Brandon Miller,CHA,0.5163229591117628,74.48559670781893,0.5213861386138614,50.627524752475246,101,32.73732673267327,1725.0,17.080396039603958
Keyonte George,UTA,0.5154348342812775,74.2798353909465,0.4930281690140845,52.418591549295776,142,29.093239436619715,2045.5,14.403028169014085
Brandin Podziemski,GSW,0.513498713441995,74.07407407407408,0.5685507246376812,47.04188405797101,138,26.702028985507248,2099.0,15.21
Santi Aldama,MEM,0.5130879511734854,73.86831275720165,0.6473809523809523,41.6568253968254,126,26.014126984126985,2112.0,16.762063492063493
Guerschon Yabusele,PHI,0.5123964570135895,73.66255144032921,0.55,48.14,70,27.07,1035.0,14.79
Spencer Dinwiddie,LAL,0.5119408702678613,73.4567901234568,0.4552903225806451,54.47593548387097,155,27.667612903225805,1955.0,12.613290322580644
Toumani Camara,POR,0.511777316608756,73.25102880658436,0.4468918918918919,55.0204054054054,148,28.971351351351352,1925.5,13.007027027027027
Bogdan Bogdanović,LAC,0.5108770588372318,73.04526748971193,0.5172180451127819,50.140977443609025,133,28.19127819548872,1960.5,14.737744360902255
Immanuel Quickley,TOR,0.5104707947835385,72.8395061728395,0.6430693069306931,41.5790099009901,101,28.745841584158416,1869.0,18.501881188118812
Andrew Wiggins,GSW,0.508161930728335,72.63374485596708,0.5449618320610687,47.88312977099237,131,28.721755725190842,2061.0,15.73702290076336
Kelly Oubre Jr.,PHI,0.5074675449345978,72.42798353909465,0.4753125,52.491875,128,32.2971875,1980.5,15.4690625
Alex Sarr,WAS,0.5074450600476871,72.22222222222221,0.57,46.09,67,27.08,1034.5,15.44
Kentavious Caldwell-Pope,ORL,0.5062793223521928,72.0164609053498,0.3698692810457517,59.44980392156862,153,30.593464052287583,1718.5,11.228692810457515
Cameron Johnson,BKN,0.5056127385561195,71.81069958847736,0.6095652173913044,43.15782608695652,115,29.552608695652175,2093.5,18.201217391304347
Caris LeVert,ATL,0.5017695372613391,71.60493827160494,0.57,45.28939393939394,132,26.928484848484853,2027.0,15.355454545454544
Jeremy Sochan,SAS,0.5013959697848284,71.39917695473251,0.54640625,46.831093749999994,128,27.792187500000004,1926.0,15.0471875
Tim Hardaway Jr.,DET,0.5011322087369121,71.19341563786008,0.4357051282051282,54.27474358974359,156,27.392820512820517,1867.5,11.970833333333333
Andre Drummond,PHI,0.5007565840703281,70.98765432098766,0.8059663865546218,29.200588235294116,119,17.661344537815125,1679.0,14.11109243697479
Luguentz Dort,OKC,0.5006683990345314,70.78189300411523,0.42419999999999997,54.9868,150,28.79446666666667,1840.5,12.271199999999999
Draymond Green,GSW,0.5004681085131133,70.57613168724279,0.5747154471544715,44.78715447154471,123,28.239918699186994,1987.5,16.15780487804878
Al Horford,BOS,0.4996842311497108,70.37037037037037,0.5964,43.2112,125,27.1876,2014.0,16.113599999999998
Ty Jerome,CLE,0.49941537099985644,70.16460905349794,0.726111111111111,34.40777777777779,72,19.543333333333333,1037.0,14.398611111111112
Kel'el Ware,MIA,0.49918646615575313,69.95884773662551,0.7,36.14,64,22.23,990.0,15.47
Ja Morant,MEM,0.49872427783385587,69.75308641975309,0.7315254237288135,33.944406779661016,59,31.13508474576271,1339.5,22.70305084745763
Dillon Brooks,HOU,0.4986413233698453,69.54732510288066,0.3655102040816327,58.66693877551021,147,31.394285714285715,1702.0,11.580612244897958
T.J. McConnell,IND,0.4978783070799927,69.34156378600824,0.7220666666666666,34.46426666666666,150,18.043066666666668,1950.0,12.999266666666665
Cam Thomas,BKN,0.49611655155625534,69.1358024691358,0.581978021978022,43.682527472527475,91,31.3878021978022,1661.5,18.25912087912088
Royce O'Neale,PHX,0.49573455590099114,68.93004115226337,0.5143506493506494,48.1987012987013,154,24.61824675324675,1958.5,12.715454545454545
Terry Rozier,MIA,0.4949895480437709,68.72427983539094,0.5324800000000001,46.868480000000005,125,29.589520000000004,2017.0,16.13464
Rui Hachimura,LAL,0.49497976714405867,68.51851851851852,0.5321259842519686,46.89102362204724,127,29.093858267716534,1967.0,15.487716535433071
Mark Williams,CHA,0.49447856406484203,68.3127572016461,0.8598412698412699,24.674285714285716,63,26.655238095238094,1439.0,22.843174603174603
Shaedon Sharpe,POR,0.494437260027917,68.10699588477365,0.5161538461538462,47.893846153846155,104,31.836923076923078,1694.0,16.290769230769232
Bradley Beal,PHX,0.49312521338084536,67.90123456790124,0.5700000000000001,44.07,106,32.725,1977.5,18.655
LaMelo Ball,CHA,0.4921317027414439,67.6954732510288,0.7495652173913043,31.79536231884058,69,32.11202898550724,1657.5,24.019565217391303
Bennedict Mathurin,IND,0.49002385873556137,67.48971193415639,0.5109923664122137,47.62007633587787,131,28.1475572519084,1879.5,14.349618320610686
Tre Jones,CHI,0.489308387962893,67.28395061728395,0.583739837398374,42.603089430894315,123,24.740731707317074,1770.5,14.394634146341463
Jonathan Kuminga,GSW,0.48428214746354126,67.07818930041152,0.5883471074380165,41.582727272727276,121,25.56314049586777,1822.0,15.055867768595043
Nick Richards,PHX,0.48383960582043906,66.8724279835391,0.6283870967741936,38.814516129032256,124,24.314758064516127,1885.5,15.206129032258065
Donovan Clingan,POR,0.4813929933172518,66.66666666666666,0.7,33.63,67,19.76,921.5,13.75
Max Strus,CLE,0.48115150086549063,66.46090534979425,0.5066666666666666,46.660833333333336,120,29.264999999999997,1759.0,14.658333333333333
Ayo Dosunmu,CHI,0.4792964113584568,66.2551440329218,0.47754098360655733,48.36737704918033,122,29.558688524590163,1718.5,14.086229508196721
Nickeil Alexander-Walker,MIN,0.47809633385665307,66.0493827160494,0.44,50.73500000000001,164,24.355,1744.5,10.635
Jaden Ivey,DET,0.47766671501817604,65.84362139917695,0.495233644859813,46.94186915887851,107,29.11682242990654,1535.5,14.353644859813084
Gary Trent Jr.,MIL,0.47765113577818374,65.63786008230453,0.4595862068965517,49.34862068965517,145,26.809241379310347,1780.0,12.272344827586206
Taurean Prince,LAL,0.47710712789017634,65.4320987654321,0.38518987341772154,54.29936708860759,158,27.045316455696202,1644.5,10.40493670886076
Jaylen Wells,MEM,0.47691571727462556,65.22633744855966,0.42,51.92,79,25.87,857.5,10.85
Jalen Smith,CHI,0.47653002654127447,65.02057613168725,0.81024,25.49432,125,16.074559999999998,1626.5,13.01248
Herbert Jones,NOP,0.4753600158818395,64.81481481481481,0.44333333333333336,50.123749999999994,96,30.9375,1321.5,13.762083333333335
Zaccharie Risacher,ATL,0.47436646170602936,64.60905349794238,0.49,46.83,75,24.58,894.5,11.93
Kyle Filipowski,UTA,0.47393578621460375,64.40329218106996,0.61,38.66,72,21.13,927.0,12.88
Corey Kispert,WAS,0.47353554949578425,64.19753086419753,0.4797163120567376,47.4077304964539,141,26.01737588652482,1750.0,12.41212765957447
De'Andre Hunter,ATL,0.471609083005372,63.991769547325106,0.5334710743801653,43.503388429752064,121,28.273471074380165,1830.0,15.12603305785124
Kelly Olynyk,NOP,0.4669374584472388,63.78600823045267,0.6239344262295082,36.731147540983606,122,21.72049180327869,1659.0,13.59655737704918
Alex Caruso,OKC,0.46639638778736037,63.580246913580254,0.5616,40.867200000000004,125,24.64896,1703.5,13.62744
Wendell Carter Jr.,ORL,0.4643660740834642,63.37448559670782,0.5602439024390243,40.67243902439024,123,25.730325203252033,1770.5,14.393983739837399
Jalen Suggs,ORL,0.46414713272399594,63.16872427983539,0.5227272727272727,43.17681818181818,110,27.514999999999997,1584.0,14.398636363636363
Jaime Jaquez Jr.,MIA,0.4634772032949419,62.96296296296296,0.49680851063829795,44.83382978723404,141,24.69276595744681,1709.0,12.121489361702128
Duncan Robinson,MIA,0.46225889816026616,62.757201646090536,0.4647887323943662,46.82577464788732,142,25.992816901408446,1716.5,12.090281690140845
Moritz Wagner,ORL,0.46165004818072924,62.55144032921811,0.7118181818181818,30.046363636363637,110,17.98818181818182,1415.5,12.866363636363635
Kevin Porter Jr.,MIL,0.4571947421901419,62.34567901234568,0.59,37.65,75,19.76,869.0,11.59
Aaron Wiggins,OKC,0.4571489569883059,62.139917695473244,0.5896103896103897,37.66987012987013,154,19.298181818181817,1764.0,11.455974025974024
Sam Hauser,BOS,0.45600203020262475,61.934156378600825,0.5258,41.82020000000001,150,21.878533333333333,1737.0,11.576600000000001
Scotty Pippen Jr.,MEM,0.4534663276861136,61.72839506172839,0.5979,36.5902,100,22.0959,1318.0,13.1778
Derrick Jones Jr.,DAL,0.4525949822159898,61.52263374485597,0.45006535947712417,46.45751633986928,153,23.897843137254903,1643.5,10.7381045751634
Trayce Jackson-Davis,GSW,0.4523467495295176,61.31687242798354,0.7413846153846153,26.736,130,16.128769230769233,1559.5,11.996307692307692
Naji Marshall,NOP,0.45157805314164157,61.111111111111114,0.5355555555555557,40.53688888888889,135,23.52733333333333,1707.5,12.649555555555557
Luke Kornet,BOS,0.4514594204727162,60.90534979423868,0.6892647058823529,30.132941176470588,136,17.23639705882353,1612.5,11.858382352941177
Julian Champagnie,SAS,0.4514442777663441,60.69958847736625,0.4915384615384616,43.4925641025641,156,21.795384615384616,1694.5,10.861025641025641
Goga Bitadze,ORL,0.44925556587188353,60.49382716049383,0.6765151515151516,30.683636363636364,132,18.080909090909092,1631.5,12.360909090909091
Aaron Nesmith,IND,0.44744891306124096,60.288065843621396,0.5030769230769231,42.14923076923077,117,26.630769230769232,1556.0,13.29846153846154
Cole Anthony,ORL,0.4465329571544655,60.08230452674898,0.5409459459459459,39.460945945945944,148,20.620135135135136,1644.0,11.107297297297299
Cason Wallace,OKC,0.4430224260109271,59.876543209876544,0.45,45.111599999999996,150,23.7852,1598.5,10.6552
Isaiah Joe,OKC,0.4428535045200207,59.67078189300411,0.5448684210526317,38.676842105263155,152,20.05842105263158,1655.0,10.889605263157893
Tari Eason,HOU,0.4420370366660357,59.465020576131685,0.68,29.42987341772152,79,24.056708860759493,1292.5,16.360759493670887
Jerami Grant,POR,0.44096924940328897,59.25925925925925,0.4788118811881188,42.874950495049504,101,33.205940594059406,1599.5,15.837821782178219
Dorian Finney-Smith,LAL,0.4401615431841115,59.053497942386834,0.40519083969465647,47.73610687022901,131,28.651984732824427,1528.0,11.663053435114504
Grant Williams,CHA,0.44005049198876467,58.8477366255144,0.418695652173913,46.80782608695653,92,28.35391304347826,1090.0,11.85086956521739
Khris Middleton,WAS,0.43734331041449337,58.64197530864198,0.643913043478261,31.206413043478257,92,25.33076086956522,1502.0,16.33032608695652
Dereck Lively II,DAL,0.43731195962529035,58.43621399176955,0.6876923076923077,28.243516483516483,91,23.37175824175824,1459.0,16.033406593406593
Quentin Grimes,DET,0.4371614465337196,58.230452674897116,0.49880952380952376,40.98642857142857,126,24.111904761904764,1566.0,12.43047619047619
Keon Johnson,BKN,0.43673823559346103,58.0246913580247,0.42238095238095236,46.09154761904762,84,23.650357142857143,832.0,9.90392857142857
Georges Niang,CLE,0.43612146777334326,57.818930041152264,0.4394409937888199,44.851677018633545,161,21.912919254658384,1545.5,9.602546583850932
Isaiah Collier,UTA,0.43533307564152657,57.61316872427984,0.41,46.73,71,25.9,750.0,10.56
Paul Reed,DET,0.43518896495729265,57.407407407407405,0.6570866141732283,30.01228346456693,127,15.957165354330709,1325.0,10.42984251968504
Day'Ron Sharpe,BKN,0.4343329721939632,57.20164609053497,0.7554954954954954,23.24135135135135,111,16.468378378378375,1382.5,12.452972972972972
Precious Achiuwa,NYK,0.43402217287868755,56.99588477366255,0.5625954198473282,36.23312977099236,131,21.32213740458015,1566.5,11.957709923664122
Matas Buzelis,CHI,0.43376815486955916,56.79012345679012,0.53,38.4,80,18.89,799.5,9.99
Ausar Thompson,DET,0.43317968509373617,56.5843621399177,0.548360655737705,37.07622950819672,122,23.852950819672134,1594.5,13.06688524590164
Andrew Nembhard,IND,0.4329821063691995,56.37860082304527,0.42488721804511276,45.392330827067674,133,26.89511278195489,1529.5,11.501428571428573
Kevin Huerter,CHI,0.42952298714436254,56.17283950617284,0.47924812030075187,41.230827067669175,133,24.368496240601505,1551.5,11.667142857142858
Scoot Henderson,POR,0.4292803614392493,55.96707818930041,0.42640625,44.7675,128,27.5315625,1487.5,11.620156249999999
Bilal Coulibaly,WAS,0.4279678454692123,55.76131687242798,0.39901639344262296,46.43327868852459,122,30.025245901639344,1475.5,12.094754098360655
Zach Collins,CHI,0.42655138057144976,55.55555555555556,0.6088721804511278,32.05203007518797,133,18.818571428571428,1516.0,11.398646616541352
Kevon Looney,GSW,0.42487603650489825,55.349794238683124,0.6405333333333334,29.676133333333333,150,15.577600000000002,1489.0,9.928133333333331
Moussa Diabaté,LAC,0.4214774295463747,55.144032921810705,0.6654878048780487,27.510365853658534,82,15.909878048780486,843.0,10.280243902439025
Isaiah Stewart,DET,0.42138365608133227,54.93827160493827,0.5349152542372881,36.32084745762712,118,24.205932203389832,1507.0,12.770508474576271
Kyshawn George,WAS,0.41908826392730186,54.73251028806584,0.39,45.79,68,26.5,695.5,10.23
Jonathan Isaac,ORL,0.41789616731430246,54.52674897119342,0.6849612403100775,25.689224806201548,129,15.538837209302324,1374.5,10.651782945736434
Jordan Clarkson,UTA,0.4162946746426496,54.32098765432099,0.5381521739130435,35.384239130434786,92,28.748043478260872,1407.5,15.300760869565218
Brandon Clarke,MEM,0.41626910594072086,54.11522633744856,0.6425714285714287,28.324285714285715,70,19.162571428571425,856.5,12.238857142857142
Kyle Anderson,MIA,0.4134106169521664,53.90946502057613,0.5135714285714285,36.6385,140,19.88907142857143,1408.0,10.055857142857144
Keon Ellis,SAC,0.4126470788661265,53.70370370370371,0.4733576642335767,39.24832116788321,137,21.362700729927006,1388.0,10.126642335766423
Justin Champagnie,WAS,0.4122400442421938,53.49794238683128,0.6302597402597403,28.587922077922084,77,20.45896103896104,992.0,12.885324675324675
Terance Mann,ATL,0.41170276738856015,53.29218106995884,0.4294366197183099,42.083169014084504,142,23.148732394366196,1404.5,9.889084507042254
Dalton Knecht,LAL,0.41141584863595304,53.086419753086425,0.49,37.95,78,19.15,732.5,9.39
Luke Kennard,MEM,0.4072562200541256,52.88065843621399,0.5562500000000001,32.886250000000004,104,23.7575,1377.5,13.246250000000002
Kevin Love,MIA,0.4063892045017918,52.674897119341566,0.7682051282051282,18.44064102564103,78,15.069102564102563,910.0,11.666153846153847
Bojan Bogdanović,NYK,0.40378967508907765,52.46913580246913,0.48,37.55,57,25.93,713.5,12.52
Kris Dunn,UTA,0.4027364251188009,52.2633744855967,0.4577142857142857,38.90742857142857,140,21.65742857142857,1366.0,9.754714285714284
Moses Moody,GSW,0.4015119324774703,52.05761316872428,0.49828571428571433,35.993,140,20.036571428571428,1386.5,9.901285714285715
Peyton Watson,DEN,0.40069603214034033,51.85185185185185,0.44081081081081075,39.76189189189189,148,21.241891891891893,1385.0,9.357027027027026
Ochai Agbaji,TOR,0.3995092487893714,51.64609053497943,0.3930985915492958,42.8187323943662,142,23.80830985915493,1344.0,9.464084507042255
Isaiah Jackson,IND,0.3929781132658533,51.440329218106996,0.7430769230769231,18.24692307692308,65,13.152307692307692,632.5,9.726153846153846
Patrick Beverley,MIL,0.3914438315267157,51.23456790123457,0.45999999999999996,37.16,73,20.03,668.5,9.16
Jabari Walker,POR,0.39125800279103917,51.028806584362144,0.5327272727272727,32.21909090909091,132,18.560909090909092,1296.5,9.820909090909092
Bruce Brown,NOP,0.39100165828174505,50.82304526748971,0.4424074074074074,38.28648148148149,108,25.805185185185184,1232.5,11.416388888888887
Miles McBride,NYK,0.387861055552127,50.617283950617285,0.4548484848484849,37.00272727272727,132,22.133636363636363,1329.5,10.072424242424242
Tristan da Silva,ORL,0.3878256283823653,50.41152263374485,0.39,41.38,74,22.01,642.0,8.68
Haywood Highsmith,MIA,0.38780514912493214,50.20576131687243,0.39885714285714285,40.77857142857143,140,22.740857142857145,1260.5,9.003142857142857
Marvin Bagley III,MEM,0.3872467487971444,50.0,0.7185185185185186,19.098024691358024,81,16.282222222222224,950.0,11.726913580246913
Mason Plumlee,LAC,0.3848813418639032,49.794238683127574,0.5976666666666667,26.93116666666667,120,16.450666666666667,1175.5,9.795666666666667
Trey Lyles,SAC,0.3819195498011031,49.58847736625515,0.5154330708661418,32.07047244094488,127,19.747244094488185,1293.5,10.181102362204724
Simone Fontecchio,DET,0.38132559234444374,49.382716049382715,0.4521276595744681,36.26468085106383,141,20.431276595744677,1327.0,9.41468085106383
Max Christie,LAL,0.37986718434477734,49.17695473251029,0.3915172413793103,40.15482758620689,145,21.17993103448276,1217.5,8.397655172413792
Larry Nance Jr.,ATL,0.3770834532344053,48.971193415637856,0.6025882352941176,25.498588235294118,85,19.759294117647062,1007.0,11.849882352941176
Steven Adams,HOU,0.3763934884006221,48.76543209876543,0.68,20.17,58,13.69,536.0,9.239999999999998
Caleb Martin,DAL,0.3761461699087212,48.559670781893004,0.40110091743119264,38.98229357798165,109,27.293119266055044,1193.0,10.948440366972475
Thomas Bryant,MIA,0.37603075951242576,48.35390946502058,0.6873076923076924,19.625,104,13.501153846153844,961.0,9.239615384615384
Josh Green,CHA,0.3747345686558566,48.148148148148145,0.33103999999999995,43.51768,125,27.13984,1124.5,8.99584
Chris Boucher,TOR,0.37455033981974145,47.94238683127572,0.68,19.91,100,15.675,1080.5,10.805
Amir Coffey,LAC,0.37424527172114924,47.73662551440329,0.37014084507042255,40.806338028169016,142,22.59394366197183,1195.5,8.418169014084508
James Wiseman,IND,0.37326414822797244,47.53086419753087,0.568125,27.288749999999997,64,17.121718750000003,617.5,9.64625
Eric Gordon,PHI,0.3724518521771256,47.325102880658434,0.41271028037383173,37.6766355140187,107,24.866728971962615,1108.0,10.355700934579438
Jalen Wilson,BKN,0.37243154054022576,47.11934156378601,0.38762295081967213,39.369098360655734,122,22.09377049180328,1026.0,8.411967213114753
Tyrese Martin,BKN,0.3697214084395689,46.913580246913575,0.47,33.42,60,21.92,617.5,10.29
Jonathan Mogbo,TOR,0.3691243037025153,46.70781893004115,0.48,32.66,63,20.41,623.0,9.89
Isaac Okoro,CLE,0.36827366310387255,46.50205761316872,0.3911290322580645,38.545645161290324,124,23.712903225806453,1160.5,9.358790322580646
Nicolas Batum,LAC,0.3678247459172869,46.2962962962963,0.41999999999999993,36.53130434782609,138,20.99086956521739,1213.5,8.79304347826087
Reggie Jackson,PHI,0.36698870640342585,46.09053497942387,0.42353982300884957,36.1741592920354,113,19.479734513274337,941.0,8.329292035398229
Malcolm Brogdon,WAS,0.36583738583401954,45.884773662551446,0.6147619047619048,23.08952380952381,63,26.74380952380952,1039.0,16.493333333333332
Sam Merrill,CLE,0.36529263798148004,45.67901234567901,0.48621212121212126,31.699696969696966,132,18.71409090909091,1192.0,9.028863636363637
Jose Alvarado,NOP,0.3651858254737128,45.47325102880658,0.505,30.415000000000003,112,21.375,1217.0,10.865
Drew Eubanks,LAC,0.36513727024530795,45.267489711934154,0.5869117647058824,24.872794117647057,136,14.077426470588236,1115.0,8.19764705882353
Sandro Mamukelashvili,SAS,0.3649293645190966,45.06172839506173,0.735607476635514,14.795046728971961,107,10.581028037383179,838.0,7.831775700934579
Jaylin Williams,OKC,0.36417463753776264,44.8559670781893,0.6329310344827587,21.627155172413794,116,14.491034482758621,1077.0,9.28396551724138
Brice Sensabaugh,UTA,0.3640769878425475,44.650205761316876,0.5133980582524272,29.691067961165047,103,19.576601941747576,1042.5,10.12116504854369
Patrick Williams,CHI,0.3633788347350971,44.44444444444444,0.42,35.90415094339622,106,25.94490566037736,1151.0,10.85811320754717
Davion Mitchell,SAC,0.36307150213362727,44.23868312757202,0.36013698630136987,39.90616438356164,146,21.42794520547945,1147.0,7.853424657534246
Ryan Dunn,PHX,0.36285317625012903,44.03292181069959,0.42,35.83,74,19.06,595.0,8.04
Gordon Hayward,OKC,0.3618934900390606,43.82716049382716,0.48,31.64,51,24.42,594.5,11.66
Cameron Payne,NYK,0.36084367313321264,43.62139917695473,0.49439999999999995,30.518800000000002,150,15.961599999999999,1174.5,7.83
Anthony Black,ORL,0.36062480445106554,43.415637860082306,0.3636734693877551,39.322040816326535,147,20.754081632653065,1139.5,7.75061224489796
Cam Whitmore,HOU,0.3578007416011666,43.20987654320987,0.6191836734693877,21.657040816326536,98,17.41857142857143,1056.5,10.783469387755101
Ziaire Williams,MEM,0.3569595437532181,43.00411522633745,0.4431578947368421,33.43368421052631,114,22.626842105263158,1153.5,10.118421052631579
Cedi Osman,SAS,0.35649489882001795,42.79835390946502,0.4600000000000001,32.23,72,17.62,586.0,8.14
Dario Šarić,DEN,0.3560484192978165,42.592592592592595,0.5900000000000001,23.381999999999998,80,16.35,784.0,9.796000000000001
Gradey Dick,TOR,0.35412001139477234,42.38683127572017,0.39842105263157895,36.056315789473686,114,25.047368421052628,1149.5,10.08578947368421
Jamal Shead,TOR,0.3538991423929243,42.181069958847736,0.38,37.27,75,19.56,562.0,7.49
Jake LaRavia,MEM,0.3529438823503944,41.9753086419753,0.49306930693069306,29.494356435643564,101,21.334059405940597,1062.5,10.517623762376239
Dalano Banton,POR,0.35207418158223797,41.76954732510288,0.5189256198347107,27.624380165289256,121,17.911570247933884,1125.5,9.303305785123968
Adem Bona,PHI,0.3484080676849344,41.56378600823045,0.58,22.979999999999997,58,15.6,521.5,8.989999999999998
Oscar Tshiebwe,IND,0.34768332383788564,41.358024691358025,0.8518181818181817,4.509090909090909,22,13.506363636363636,249.5,11.340000000000002
Pat Connaughton,MIL,0.3468799756127007,41.1522633744856,0.428034188034188,33.033846153846156,117,19.4808547008547,956.5,8.174786324786325
Kenrich Williams,OKC,0.34652667762641376,40.94650205761317,0.51,27.445,138,15.655,1104.0,8.0
Nikola Jović,MIA,0.34632493277278076,40.74074074074074,0.53,26.065,92,22.3,1088.5,11.830000000000002
Matisse Thybulle,POR,0.3460402580569055,40.534979423868315,0.43875000000000003,32.19125,80,22.49375,789.0,9.8625
Alec Burks,MIA,0.34550818461604327,40.32921810699588,0.5142608695652174,27.013391304347827,115,18.04469565217391,1069.0,9.294782608695654
Vince Williams Jr.,MEM,0.3430367749989869,40.123456790123456,0.4892405063291139,28.355569620253167,79,24.49594936708861,967.5,12.244810126582278
Bol Bol,PHX,0.3423326719355239,39.91769547325103,0.7345569620253165,11.678481012658226,79,11.616329113924051,674.5,8.538607594936709
Marcus Sasser,DET,0.34136226941013537,39.711934156378604,0.4878125,28.215859375,128,16.888046875,1045.0,8.166328125
Neemias Queta,BOS,0.34076742384362113,39.50617283950617,0.6415555555555555,17.742444444444445,90,13.291555555555556,759.0,8.43288888888889
Ben Simmons,BKN,0.33992796433410355,39.300411522633745,0.5463636363636364,24.056818181818183,66,22.400000000000002,813.0,12.322272727272727
Kyle Lowry,PHI,0.3342200620103577,39.09465020576132,0.39789473684210525,33.28473684210527,95,24.726315789473684,948.5,9.987368421052631
Duop Reath,POR,0.33377362919729425,38.88888888888889,0.5459649122807019,23.215614035087718,114,14.763157894736844,921.0,8.080701754385965
Jordan Hawkins,NOP,0.3336219597468664,38.68312757201646,0.4254471544715447,31.338455284552843,123,20.17008130081301,1051.5,8.55
Dennis Smith Jr.,BKN,0.33308203394852676,38.477366255144034,0.48999999999999994,26.9,56,18.9,518.0,9.25
Christian Wood,LAL,0.33294304960108223,38.2716049382716,0.56,22.15,50,17.44,487.0,9.74
Karlo Matković,NOP,0.3327113226506665,38.065843621399175,0.59,20.09,42,18.82,468.5,11.15
Ronald Holland II,DET,0.3321167551122122,37.86008230452675,0.41000000000000003,32.17,81,15.629999999999999,515.0,6.360000000000001
Javonte Green,CHI,0.331702118709411,37.65432098765432,0.45740259740259737,28.908181818181824,77,19.32987012987013,695.5,9.034415584415584
Dean Wade,CLE,0.33157449087536495,37.4485596707819,0.44,30.066194690265487,113,20.890707964601766,1039.5,9.198761061946904
Mitchell Robinson,NYK,0.3283602075389876,37.242798353909464,0.653125,15.210416666666667,48,22.049375,677.0,14.103333333333333
Jaxson Hayes,LAL,0.32824212484450704,37.03703703703704,0.5122222222222221,24.715555555555557,126,15.632222222222223,1024.0,8.126666666666667
Kai Jones,DAL,0.3273483061536527,36.831275720164605,0.7,11.9,40,11.71,327.0,8.18
Jared Butler,WAS,0.3256369751530062,36.62551440329218,0.552,21.66,100,16.096,886.0,8.864
Charles Bassey,SAS,0.3254722935742773,36.41975308641975,0.7530909090909091,8.047636363636363,55,10.557818181818183,437.0,7.943454545454546
Trendon Watford,BKN,0.3214079530542256,36.21399176954733,0.5329906542056074,22.348037383177573,107,16.53607476635514,925.0,8.642897196261682
John Konchar,MEM,0.32116723156895643,36.0082304526749,0.5273267326732674,22.69683168316832,101,17.14990099009901,896.5,8.87841584158416
Jarace Walker,IND,0.3205952857477895,35.80246913580247,0.5130555555555555,23.580555555555552,108,14.139444444444443,778.0,7.2025
Jeremiah Robinson-Earl,NOP,0.3200715863693246,35.59670781893004,0.5214285714285715,22.940857142857144,105,14.981428571428571,836.5,7.967714285714285
DeAndre Jordan,DEN,0.31993606210299586,35.390946502057616,0.6443478260869565,14.61521739130435,92,11.805652173913042,696.5,7.5713043478260875
Gary Payton II,GSW,0.3189158584361325,35.18518518518518,0.5484905660377358,20.949056603773585,106,15.15754716981132,880.5,8.305094339622642
Jordan Goodwin,LAL,0.31883406512142587,34.97942386831276,0.5265116279069768,22.42279069767442,86,18.58406976744186,842.5,9.793720930232558
Quinten Post,GSW,0.3185741648771438,34.77366255144033,0.6,17.42,42,16.33,412.5,9.82
Jordan Nwora,TOR,0.3183914759838248,34.5679012345679,0.59,18.07,52,13.68,420.5,8.09
GG Jackson,MEM,0.31785333738900423,34.36213991769547,0.5023376623376623,23.91805194805195,77,21.96896103896104,875.5,11.368701298701298
Lonnie Walker IV,PHI,0.3177538201320194,34.15637860082305,0.5274358974358975,22.207948717948717,78,19.073589743589743,784.0,10.055897435897435
Omer Yurtseven,UTA,0.3172191187826548,33.95061728395062,0.65,13.85,48,11.36,356.0,7.419999999999999
Chimezie Metu,DET,0.316231987673403,33.744855967078195,0.53,21.82,51,16.84,459.0,9.0
Malaki Branham,SAS,0.31613920002669305,33.53909465020576,0.42237704918032787,29.079754098360656,122,16.56770491803279,812.5,6.663114754098361
De'Anthony Melton,BKN,0.3160766823368238,33.33333333333333,0.514090909090909,22.873181818181816,44,26.00681818181818,589.5,13.398636363636363
Jamison Battle,TOR,0.3156620687205089,33.1275720164609,0.46,26.47,59,17.66,475.0,8.05
AJ Green,MIL,0.3145063488802192,32.92181069958848,0.39604651162790694,30.62875968992248,129,17.624883720930235,872.0,6.75984496124031
Richaun Holmes,WAS,0.3138974044148483,32.71604938271605,0.6429577464788733,13.857323943661973,71,15.325774647887325,710.5,10.008028169014084
Mo Bamba,NOP,0.3134085579843208,32.510288065843625,0.6128089887640449,15.82573033707865,89,12.964831460674159,709.5,7.974157303370787
Tre Mann,CHA,0.31286490413106255,32.30452674897119,0.5351851851851852,20.99462962962963,54,24.19074074074074,700.5,12.96888888888889
Johnny Juzang,UTA,0.31273244303255865,32.098765432098766,0.44857142857142857,26.829047619047618,84,19.542380952380952,734.0,8.735238095238095
Ricky Council IV,PHI,0.31270142333283296,31.893004115226336,0.4857142857142857,24.314666666666668,105,14.651428571428573,725.5,6.912952380952381
Justin Edwards,PHI,0.31205479171262696,31.68724279835391,0.41,29.34,44,26.24,478.5,10.88
Talen Horton-Tucker,CHI,0.3111403060177386,31.48148148148148,0.52,21.777522935779817,109,15.89559633027523,897.0,8.231834862385321
Daniel Theis,NOP,0.30938621434838515,31.275720164609055,0.5144897959183674,21.90244897959184,98,16.692857142857143,844.5,8.617755102040816
Tidjane Salaün,CHA,0.30898465524823343,31.069958847736622,0.37,31.61,60,20.74,464.5,7.74
Tristan Vukcevic,WAS,0.3086783731253627,30.864197530864196,0.6744444444444444,10.993333333333332,45,14.795555555555554,449.0,9.97888888888889
Robert Williams III,POR,0.30841767628025535,30.65843621399177,0.7246153846153847,7.5661538461538465,26,18.08230769230769,340.0,13.072307692307694
Danté Exum,DAL,0.3083794897844074,30.45267489711934,0.49933333333333335,22.784666666666666,75,19.463333333333335,726.5,9.685333333333332
Vít Krejčí,ATL,0.30831936998422826,30.246913580246915,0.4670886075949367,24.955189873417723,79,21.44253164556962,771.0,9.76
Aaron Holiday,HOU,0.307910695281032,30.04115226337449,0.4377142857142857,26.882571428571428,140,14.724428571428572,896.0,6.401428571428572
Ja'Kobe Walter,TOR,0.30755871882371055,29.835390946502056,0.42,28.029999999999998,52,21.220000000000002,468.0,9.0
Lonzo Ball,CHI,0.30627735937187855,29.629629629629626,0.54,19.74,35,22.2,420.5,12.01
Cody Martin,CHA,0.3032318023174969,29.4238683127572,0.43925925925925935,26.118148148148144,81,23.78197530864198,833.0,10.27975308641975
Jeff Green,HOU,0.3029174975276006,29.218106995884774,0.43327272727272725,26.478363636363635,110,15.488727272727274,725.0,6.588909090909091
Ryan Rollins,MIL,0.29967079053810436,29.01234567901235,0.5627536231884058,17.270434782608696,69,13.00217391304348,481.5,6.978115942028985
Jock Landale,HOU,0.29925184880485456,28.80658436213992,0.5728571428571428,16.528571428571425,98,12.892857142857142,720.0,7.35
Kris Murray,POR,0.29597719022596547,28.600823045267486,0.36473282442748095,30.131068702290076,131,18.23679389312977,873.5,6.6679389312977095
Josh Okogie,CHA,0.2939892947757881,28.39506172839506,0.49599999999999994,20.98,100,15.847999999999999,783.5,7.832000000000001
Oso Ighodaro,PHX,0.2923472799632112,28.189300411522634,0.41,26.56,61,17.14,430.5,7.06
Jaden Hardy,DAL,0.28709470764174283,27.983539094650205,0.43369230769230765,24.218,130,14.589153846153847,821.0,6.316999999999999
Malachi Flynn,CHA,0.286791869928852,27.77777777777778,0.4789041095890411,21.120000000000005,73,12.611917808219177,442.5,6.058630136986301
Taylor Hendricks,UTA,0.2862599843329898,27.572016460905353,0.48883720930232555,20.373720930232558,43,21.649302325581395,455.0,10.581162790697675
David Roddy,HOU,0.2825025654508508,27.36625514403292,0.43714285714285717,23.33704081632653,98,16.193979591836733,669.5,6.835204081632654
Mouhamed Gueye,ATL,0.2761083357707476,27.160493827160494,0.5953846153846154,11.741538461538463,39,15.523076923076923,360.0,9.229999999999999
Craig Porter Jr.,CLE,0.27583542569056574,26.954732510288064,0.5499999999999999,14.77,102,11.395,641.0,6.284999999999999
Jeff Dowtin Jr.,PHI,0.27488614676993156,26.74897119341564,0.5739622641509434,13.016792452830188,53,14.39056603773585,435.5,8.217735849056606
Torrey Craig,BOS,0.27472628833138524,26.543209876543212,0.4629113924050633,20.49873417721519,79,17.24253164556962,622.5,7.875696202531646
Seth Curry,CHA,0.2745217925719659,26.337448559670783,0.4325,22.525000000000002,112,14.979642857142855,727.0,6.488214285714286
Jontay Porter,TOR,0.2742486526456611,26.13168724279835,0.63,9.14,26,13.84,227.0,8.73
Bruno Fernando,TOR,0.2732464453336699,25.925925925925924,0.5619354838709678,13.598225806451612,62,13.366774193548387,460.0,7.418548387096773
Jared McCain,PHI,0.27295890425595976,25.720164609053498,0.54,15.039999999999997,23,25.729999999999997,319.0,13.87
Vasilije Micić,PHX,0.27167869405591055,25.514403292181072,0.37752475247524747,25.839009900990103,101,19.413267326732672,743.5,7.364950495049504
Nick Smith Jr.,CHA,0.2714718656239725,25.308641975308642,0.3554054054054054,27.304594594594597,111,18.895405405405405,757.5,6.826756756756756
Gabe Vincent,LAL,0.2706333915083309,25.102880658436217,0.24879518072289158,34.39072289156626,83,21.020481927710843,437.5,5.271566265060241
Killian Hayes,BKN,0.27010067492500606,24.897119341563787,0.4175,22.915000000000003,48,24.373749999999998,492.0,10.2475
Noah Clowney,BKN,0.2689853173572322,24.691358024691358,0.4466666666666667,20.786666666666665,69,20.466666666666665,615.0,8.913333333333332
Josh Richardson,MIA,0.2665591122933077,24.485596707818928,0.3907843137254902,24.22078431372549,51,24.558235294117647,501.5,9.835882352941178
Danilo Gallinari,MIL,0.2653218045726159,24.279835390946502,0.51,15.99,49,12.84,319.0,6.51
Orlando Robinson,MIA,0.2641171013646348,24.074074074074073,0.5335000000000001,14.232,80,13.422999999999998,567.5,7.089499999999999
Julian Strawther,DEN,0.2615866313052988,23.868312757201647,0.3556521739130435,25.893478260869564,115,16.77130434782609,686.5,5.968695652173913
Dwight Powell,DAL,0.2604667033831962,23.662551440329217,0.47203389830508474,17.87076271186441,118,11.755169491525425,663.5,5.625254237288136
Sasha Vezenkov,SAC,0.2583554962689826,23.456790123456788,0.54,12.979999999999999,42,12.17,276.5,6.58
Gui Santos,GSW,0.25824550483448894,23.25102880658436,0.5078481012658228,15.13721518987342,79,12.071518987341772,473.0,5.986582278481014
Ben Sheppard,IND,0.25694417139674774,23.045267489711936,0.341,26.228749999999998,120,17.03575,703.0,5.85825
Garrison Mathews,ATL,0.2561560716097361,22.839506172839506,0.37991150442477883,23.488053097345134,113,16.119734513274334,696.5,6.163628318584071
Thaddeus Young,PHX,0.25510546722389316,22.633744855967077,0.56,11.17,33,13.32,247.0,7.48
Jae Crowder,SAC,0.2549323307429986,22.42798353909465,0.3508474576271186,25.27949152542373,59,21.32677966101695,450.5,7.635762711864406
Marcus Smart,MEM,0.25459249182187993,22.22222222222222,0.47888888888888886,16.578888888888887,54,23.798888888888886,615.0,11.387407407407409
Joe Ingles,MIN,0.25444896356561525,22.016460905349795,0.3710344827586207,23.847126436781608,87,14.746206896551724,521.0,5.991379310344827
Jarred Vanderbilt,LAL,0.2533910811225742,21.810699588477366,0.5032307692307693,14.76446153846154,65,17.87446153846154,582.5,8.960615384615386
Bismack Biyombo,SAS,0.24873485629348235,21.604938271604937,0.45529411764705885,17.34705882352941,68,19.398823529411764,595.0,8.74529411764706
Troy Brown Jr.,DET,0.2481416961188591,21.39917695473251,0.4,21.0,59,14.01,332.0,5.63
Lamar Stevens,MEM,0.24672229849307523,21.193415637860085,0.5445454545454546,11.031818181818181,55,12.991454545454545,393.5,7.155818181818182
Marcus Morris Sr.,CLE,0.24644032819804623,20.98765432098765,0.4,20.76,49,16.67,327.5,6.68
Dāvis Bertāns,CHA,0.24465994012335396,20.781893004115226,0.45,17.13,43,15.68,304.5,7.08
Jacob Gilyard,BKN,0.2441936899098995,20.5761316872428,0.44,17.74,41,17.03,309.5,7.550000000000001
Delon Wright,NYK,0.2436218360106503,20.37037037037037,0.44103448275862067,17.589425287356324,87,15.816781609195402,608.0,6.984137931034483
Lindy Waters III,OKC,0.2433309348949344,20.16460905349794,0.48711111111111116,14.434666666666665,90,11.761111111111111,481.5,5.3468888888888895
Keita Bates-Diop,BKN,0.2428876818725072,19.958847736625515,0.45,16.88,53,12.540000000000001,298.0,5.62
Monté Morris,MIN,0.24200348865582297,19.753086419753085,0.4984615384615385,13.480384615384615,78,13.420384615384615,527.0,6.758076923076923
Jae'Sean Tate,HOU,0.24051854321466817,19.54732510288066,0.3811111111111111,21.201111111111114,117,13.843333333333334,602.5,5.147777777777778
Jevon Carter,CHI,0.2390204736545012,19.34156378600823,0.4,19.713333333333335,108,12.26,510.0,4.723333333333334
Dominick Barlow,ATL,0.23764493417208074,19.1358024691358,0.5397058823529413,10.078382352941176,68,11.680588235294117,428.5,6.304558823529412
Antonio Reeves,NOP,0.2372464375665803,18.930041152263374,0.44,16.76,44,14.990000000000002,292.5,6.65
Gary Harris,ORL,0.23615968897432899,18.72427983539095,0.30176470588235293,25.948235294117648,102,19.685882352941178,626.5,6.142941176470588
Dalen Terry,CHI,0.23536068364589152,18.51851851851852,0.36446969696969694,21.59810606060606,132,12.634999999999998,610.5,4.6252272727272725
Justin Holiday,DEN,0.23535958443982533,18.31275720164609,0.36,21.9,58,14.86,309.0,5.33
Robert Covington,PHI,0.23515250607496996,18.106995884773664,0.5,12.41,29,16.84,242.0,8.34
Brandon Boston,LAC,0.2348800611460628,17.901234567901234,0.4151351351351351,18.10648648648649,74,18.083243243243242,586.0,7.918918918918919
Aleksej Pokusevski,CHA,0.23456632747438497,17.695473251028808,0.53,10.3,28,14.48,214.5,7.660000000000001
Collin Gillespie,DEN,0.2338132400314192,17.48971193415638,0.5447368421052632,9.197894736842107,57,12.047368421052632,390.0,6.841052631578949
Brandon Williams,DAL,0.2334798661196488,17.28395061728395,0.5448000000000001,9.146600000000001,50,11.9992,350.5,7.0102
Svi Mykhailiuk,BOS,0.23288949853601754,17.078189300411523,0.46075949367088603,14.742531645569619,79,14.856455696202532,533.5,6.755569620253166
Oshae Brissett,PHI,0.23200061597634794,16.872427983539097,0.4581967213114753,14.79032786885246,61,12.664918032786886,349.0,5.724262295081968
Markelle Fultz,SAC,0.2300830439771584,16.666666666666664,0.42046875,17.069375,64,17.09125,480.5,7.51015625
Bones Hyland,MIN,0.2293064804220999,16.46090534979424,0.5129508196721312,10.71016393442623,61,12.770491803278686,387.0,6.345081967213115
KJ Simpson,CHA,0.22695361726257746,16.255144032921812,0.35,21.39,36,23.39,297.5,8.26
Shake Milton,NYK,0.22576613066290196,16.049382716049383,0.3934285714285714,18.287714285714287,105,13.499714285714283,563.5,5.369142857142857
Blake Wesley,SAS,0.22573557910610592,15.843621399176955,0.37,19.866638655462186,119,13.10252100840336,577.0,4.8515966386554625
Julian Phillips,CHI,0.22410992858406983,15.637860082304528,0.33957983193277314,21.69302521008403,119,12.1427731092437,510.5,4.2899159663865545
Derrick Rose,MEM,0.2239218518328359,15.432098765432098,0.51,10.15,24,16.64,203.5,8.48
Jericho Sims,NYK,0.22390174111458355,15.22633744855967,0.43081632653061225,15.498163265306122,98,12.410510204081632,524.5,5.3556122448979595
Zeke Nnaji,DEN,0.22268932859132778,15.020576131687244,0.4350434782608696,15.041478260869566,115,10.29678260869565,512.0,4.453913043478261
Reed Sheppard,HOU,0.22188229190954462,14.814814814814813,0.41000000000000003,16.62,52,12.58,268.0,5.15
Landry Shamet,NYK,0.22114580357830482,14.609053497942387,0.37437499999999996,18.92354166666667,96,15.498333333333333,561.5,5.849791666666667
Olivier-Maxence Prosper,DAL,0.2185893891838831,14.40329218106996,0.4699999999999999,12.10086956521739,92,10.003913043478262,435.0,4.731739130434782
KJ Martin,PHI,0.21740789875973654,14.19753086419753,0.34,20.719223300970874,103,16.097087378640776,561.0,5.4491262135922325
Caleb Houstan,ORL,0.21487675668722334,13.991769547325102,0.33991452991452986,20.36794871794872,117,13.705982905982905,550.0,4.699316239316238
Quenton Jackson,IND,0.21475254953725903,13.786008230452676,0.5112903225806451,8.769354838709676,31,12.632580645161289,195.5,6.3025806451612905
Andre Jackson Jr.,MIL,0.21367209368068016,13.580246913580247,0.3408064516129033,20.13774193548387,124,12.52008064516129,529.0,4.264193548387096
Micah Potter,UTA,0.21332902062253115,13.37448559670782,0.4307407407407407,14.011851851851853,54,16.506666666666668,378.5,7.00962962962963
Xavier Tillman,BOS,0.21260408670763914,13.168724279835391,0.3762068965517242,17.5948275862069,87,13.858620689655172,519.5,5.971724137931034
Ajay Mitchell,OKC,0.21160319405463346,12.962962962962962,0.41,15.17,36,16.58,245.5,6.82
Pelle Larsson,MIA,0.21138772675190876,12.757201646090536,0.34,19.87,55,14.22,263.5,4.79
Doug McDermott,SAC,0.2105319857146556,12.551440329218108,0.3760377358490566,17.313962264150945,106,11.752641509433964,470.5,4.439056603773585
JT Thor,WAS,0.20951440082477502,12.345679012345679,0.3848192771084338,16.576987951807226,83,12.409277108433736,393.0,4.734698795180722
Chris Duarte,CHI,0.2084167900953319,12.139917695473251,0.41157894736842104,14.613815789473685,76,10.45078947368421,297.5,3.9114473684210522
Kevin Knox II,GSW,0.20742242178475778,11.934156378600823,0.47088888888888886,10.465555555555556,45,14.308666666666666,271.5,6.032444444444444
Tosan Evbuomwan,DET,0.20700956856680866,11.728395061728394,0.41733333333333333,14.026444444444445,45,22.922666666666665,434.5,9.659777777777778
Cam Spencer,MEM,0.20698998909120958,11.522633744855968,0.53,6.41,25,10.09,133.0,5.32
Keaton Wallace,ATL,0.20388707421741023,11.316872427983538,0.43,12.73,31,16.17,216.0,6.97
Rob Dillingham,MIN,0.20179034641317675,11.11111111111111,0.42,13.11,49,10.529999999999998,214.5,4.38
Skylar Mays,LAL,0.20127505814262564,10.905349794238683,0.45,11.01,38,11.4,195.5,5.14
Jalen Pickett,DEN,0.19849018843119806,10.699588477366255,0.42934210526315786,12.01315789473684,76,10.370657894736842,344.0,4.525
Elfrid Payton,NOP,0.19607821177721596,10.493827160493826,0.41,12.979999999999999,24,21.28,211.0,8.79
Ousmane Dieng,OKC,0.19584178816096434,10.2880658436214,0.45642857142857135,9.809142857142856,70,10.996571428571428,351.5,5.020142857142857
Cam Reddish,LAL,0.19379808730551712,10.08230452674897,0.28777777777777774,20.91777777777778,81,19.424444444444447,456.0,5.631481481481481
Maxi Kleber,LAL,0.19302107874013552,9.876543209876543,0.307012987012987,19.508311688311686,77,19.59,468.0,6.081558441558442
Javon Freeman-Liberty,TOR,0.19102594238449716,9.670781893004115,0.44,10.24,22,18.32,177.0,8.05
A.J. Lawson,DAL,0.19089435528149848,9.465020576131687,0.4491176470588235,9.60529411764706,68,11.724411764705883,370.0,5.440588235294118
DaQuan Jeffries,NYK,0.19086079472697676,9.25925925925926,0.29078125,20.30046875,64,17.460937500000004,349.5,5.45828125
Mike Muscala,OKC,0.18821751496730188,9.053497942386832,0.36,15.25,53,11.32,217.5,4.1
Baylor Scheierman,BOS,0.18755231621283752,8.847736625514404,0.44,9.75,31,12.38,167.0,5.39
Jared Rhoden,DET,0.18254245508106345,8.641975308641975,0.4848387096774194,6.013225806451613,31,15.195806451612901,232.5,7.5
Jamal Cain,MIA,0.1820235880144557,8.436213991769549,0.42174603174603176,10.203650793650795,63,12.078412698412698,321.5,5.103015873015873
Nassir Little,PHX,0.18178834720715698,8.23045267489712,0.4,11.640000000000002,45,10.18,183.0,4.07
Devin Carter,SAC,0.18016879575284647,8.024691358024691,0.42,10.06,36,11.0,165.0,4.58
Ish Smith,CHA,0.17999144037074988,7.818930041152264,0.29,18.82,43,17.23,212.0,4.93
Cody Williams,UTA,0.17992588355193842,7.613168724279835,0.17,26.92,50,21.19,185.0,3.7
Dillon Jones,OKC,0.17942711404310202,7.4074074074074066,0.35999999999999993,14.01,54,10.21,200.0,3.7
Jaylen Clark,MIN,0.1789008996360823,7.20164609053498,0.37,13.26,40,13.05,193.0,4.82
Bryce McGowens,POR,0.17527393371947414,6.995884773662551,0.2848611111111111,18.501805555555553,72,12.686666666666666,294.5,4.090555555555556
Evan Fournier,DET,0.17495009711449966,6.790123456790123,0.34,14.73,32,18.11,197.5,6.17
Devonte' Graham,SAS,0.17479205680674095,6.584362139917696,0.43999999999999995,7.95,23,13.61,139.0,6.039999999999999
Terrence Shannon Jr.,MIN,0.17468025824345587,6.378600823045268,0.43,8.61,32,10.59,146.0,4.56
Dru Smith,MIA,0.17247025274385533,6.172839506172839,0.4721739130434782,5.448260869565217,23,17.35217391304348,188.5,8.197826086956521
Trey Jemison III,LAL,0.17215360197055896,5.967078189300412,0.37761904761904763,11.793333333333333,63,15.335873015873018,384.0,6.096190476190476
Cory Joseph,GSW,0.1718318056391009,5.761316872427984,0.3621052631578947,12.796315789473685,76,11.93921052631579,332.0,4.369736842105263
Leaky Black,CHA,0.16961706271426846,5.555555555555555,0.44,7.22,26,10.93,126.0,4.85
Lester Quinones,NOP,0.16856878993553479,5.349794238683128,0.41700000000000004,8.6264,50,11.557,242.0,4.8427999999999995
Colin Castleton,LAL,0.16816094934140383,5.1440329218107,0.4347619047619048,7.368571428571429,42,11.694285714285716,217.5,5.177142857142857
Colby Jones,SAC,0.16773321526027468,4.938271604938271,0.40217391304347827,9.510434782608696,69,10.23913043478261,296.5,4.293913043478261
Chuma Okeke,CLE,0.1670718294510262,4.732510288065844,0.39339285714285716,10.010535714285714,56,11.224642857142856,274.0,4.896071428571429
AJ Johnson,WAS,0.16155995456194372,4.526748971193416,0.29,16.22,29,22.01,184.5,6.36
Trevelin Queen,ORL,0.15837714165026837,4.320987654320987,0.3926666666666667,8.833111111111112,45,13.223555555555556,238.0,5.292
Trent Forrest,ATL,0.15461549853124762,4.11522633744856,0.36,10.51,38,10.89,149.5,3.93
Rayan Rupert,POR,0.1496176747394261,3.909465020576132,0.3042857142857143,13.569999999999999,91,12.01142857142857,322.5,3.5428571428571427
Taj Gibson,DET,0.14388092942500205,3.7037037037037033,0.36631578947368426,8.568947368421053,57,10.762280701754387,227.0,3.9792982456140353
Dariq Whitehead,BKN,0.14299225716249575,3.4979423868312756,0.4063636363636364,5.737272727272727,22,12.271818181818183,111.0,5.04090909090909
Wesley Matthews,ATL,0.14010203683461836,3.292181069958848,0.33,10.49,36,11.47,135.0,3.75
Danuel House Jr.,PHI,0.13823703598080056,3.0864197530864197,0.29,12.93,34,14.97,150.0,4.41
Johnny Davis,WAS,0.13705009208952787,2.880658436213992,0.3047619047619048,11.765,84,10.181428571428572,244.5,2.9111904761904763
Kobe Bufkin,ATL,0.13684146912898854,2.674897119341564,0.41481481481481486,4.298518518518519,27,11.837407407407408,133.0,4.927777777777778
Isaiah Wong,IND,0.13119417582660792,2.4691358024691357,0.37142857142857144,6.433809523809525,21,12.851428571428569,104.5,4.971428571428571
Patty Mills,LAC,0.12717714536915586,2.263374485596708,0.31901639344262295,9.409016393442624,61,12.067213114754098,232.0,3.8019672131147537
Reece Beekman,BKN,0.12149599195633873,2.05761316872428,0.27,11.92,36,13.04,127.0,3.53
Jalen McDaniels,WAS,0.11600015116233764,1.8518518518518516,0.2474074074074074,12.67148148148148,54,10.09851851851852,130.0,2.407037037037037
Jaylen Nowell,NOP,0.1070300223475803,1.646090534979424,0.34238095238095234,4.988095238095238,21,18.180952380952384,129.5,6.166190476190477
P.J. Tucker,NYK,0.10653153307011448,1.440329218106996,0.24647058823529414,11.399117647058823,34,16.00764705882353,132.5,3.8997058823529414
Yuta Watanabe,MEM,0.10148306661385026,1.2345679012345678,0.23,11.8,34,13.66,105.0,3.09
Isaiah Livers,DET,0.09761408055877004,1.02880658436214,0.21999999999999997,11.93,23,20.41,102.5,4.46
Ibou Badji,POR,0.09205744903196866,0.823045267489712,0.3,5.74,22,10.26,67.5,3.07
Onuralp Bitim,CHI,0.06610879192694921,0.6172839506172839,0.23,6.81,23,11.65,60.5,2.63
Nathan Mensah,CHA,0.04910324254266592,0.411522633744856,0.18,7.79,25,12.27,54.5,2.18
Jalen Hood-Schifino,LAL,0.0045829285583007294,0.205761316872428,0.12916666666666668,4.945,36,11.769166666666667,97.0,2.690833333333333
