PLAYER_NAME,TEAM_ABBREVIATION,FANTASY_RANK_SCORE,FANTASY_RANK_PERCENTILE,FANTASY_POINTS_PER_MIN,PCT_MINUTES_PLAYED,PCT_GAMES_PLAYED,GP,AVG_MINUTES,FANTASY_POINTS,AVG_FANTASY_PPG
Nikola Jokić,DEN,0.9461101131465837,100.0,1.1728859060402683,67.54744966442952,91.18630872483223,149,35.62187919463087,6244.5,41.910805369127516
Shai Gilgeous-Alexander,OKC,0.8539850013008057,99.79423868312757,0.9951655629139071,65.42880794701986,92.07403973509933,151,34.11046357615894,5114.5,33.87132450331126
Giannis Antetokounmpo,MIL,0.8475342887674303,99.58847736625515,1.0447857142857144,61.836499999999994,85.52164285714285,140,34.68664285714286,5060.5,36.14807142857143
Domantas Sabonis,SAC,0.824761685426762,99.38271604938271,0.9007894736842106,68.55052631578947,93.2625,152,35.24486842105264,4843.5,31.864605263157895
Anthony Davis,DAL,0.7885916301564619,99.1769547325103,0.9759842519685039,58.45220472440944,80.44000000000001,127,34.690708661417325,4307.5,33.91606299212599
Luka Dončić,LAL,0.7861861255029515,98.97119341563786,1.0033333333333334,57.61166666666667,75.20750000000001,120,36.60666666666667,4420.0,36.835833333333326
LeBron James,LAL,0.7812734546533521,98.76543209876543,0.895177304964539,62.86035460992909,85.98432624113475,141,35.09120567375887,4420.5,31.35156028368794
Jayson Tatum,BOS,0.7767857649275975,98.559670781893,0.8350684931506849,66.93876712328766,89.03671232876711,146,36.090273972602745,4401.5,30.148219178082186
Anthony Edwards,MIN,0.7703948299899663,98.35390946502058,0.745,71.66499999999999,96.34,158,35.705000000000005,4188.0,26.509999999999998
Jarrett Allen,CLE,0.7566870939152962,98.14814814814815,0.8154716981132075,60.126666666666665,97.04591194968553,159,29.801509433962266,3867.5,24.328364779874214
Victor Wembanyama,SAS,0.7545122324593425,97.94238683127571,1.027863247863248,47.7265811965812,74.60247863247864,117,31.057863247863253,3730.5,31.881965811965813
Tyrese Haliburton,IND,0.7484661879680996,97.7366255144033,0.8537323943661972,59.4562676056338,86.65359154929578,142,32.918873239436614,3991.0,28.103521126760562
Stephen Curry,GSW,0.7467709333584736,97.53086419753086,0.8445833333333332,59.434583333333336,87.87263888888889,144,32.457499999999996,3952.5,27.449305555555554
James Harden,LAC,0.7370015789459095,97.32510288065843,0.736158940397351,66.99298013245033,92.26794701986755,151,34.823178807947016,3882.0,25.708874172185432
Kevin Durant,PHX,0.7333283617613031,97.11934156378601,0.7854744525547446,64.85386861313869,84.28700729927007,137,36.90226277372263,3972.5,28.994817518248176
Nikola Vučević,CHI,0.7312418896228596,96.91358024691358,0.7734899328859061,62.174765100671145,90.88684563758389,149,32.8065100671141,3757.5,25.221342281879195
Pascal Siakam,IND,0.7302564232282636,96.70781893004116,0.7101265822784809,66.14772151898734,96.35544303797468,158,32.94354430379747,3693.0,23.374936708860762
Bam Adebayo,MIA,0.7217911878490052,96.50205761316872,0.7295302013422817,64.81362416107382,91.05536912751678,149,34.160872483221475,3715.0,24.93496644295302
Jalen Brunson,NYK,0.7171252657952796,96.29629629629629,0.7425352112676056,64.31718309859156,87.20316901408451,142,35.405422535211265,3724.5,26.22887323943662
Karl-Anthony Towns,MIN,0.7146390755900001,96.09053497942386,0.8159701492537313,58.16567164179105,82.15985074626865,134,33.89507462686568,3715.5,27.72686567164179
Ivica Zubac,LAC,0.712302937092008,95.88477366255144,0.7802702702702703,56.984594594594604,90.83810810810812,148,29.85486486486487,3488.0,23.568918918918918
Devin Booker,PHX,0.7116258289991578,95.67901234567901,0.708041958041958,66.8016083916084,87.40377622377622,143,36.65657342657343,3703.0,25.89384615384615
DeMar DeRozan,SAC,0.7046710967369361,95.47325102880659,0.6002564102564102,73.16096153846154,95.13564102564102,156,36.897115384615375,3464.0,22.203397435897436
Rudy Gobert,MIN,0.7024303056763938,95.26748971193416,0.7056756756756757,63.35027027027027,90.30594594594594,148,33.65783783783784,3525.0,23.81918918918919
Alperen Sengun,HOU,0.6993141032420247,95.06172839506173,0.78,56.825251798561155,85.49618705035972,139,31.945107913669062,3471.0,24.96884892086331
Michael Porter Jr.,DEN,0.694079508975765,94.8559670781893,0.64,65.51575949367088,96.40177215189873,158,32.64443037974684,3314.5,20.977151898734178
Mikal Bridges,NYK,0.69160132549489,94.65020576131687,0.5349999999999999,74.83,100.0,164,35.92,3142.0,19.16
Damian Lillard,MIL,0.6892370617608795,94.44444444444444,0.7521374045801527,60.046488549618324,80.92213740458014,131,35.656488549618324,3494.5,26.671603053435113
Austin Reaves,LAL,0.6862808643395041,94.23868312757202,0.628258064516129,65.84806451612904,94.82877419354838,155,33.41167741935484,3248.0,20.954387096774195
Trae Young,ATL,0.6860063931963499,94.03292181069959,0.7324615384615385,61.17430769230769,81.53523076923076,130,36.00676923076923,3421.5,26.322000000000003
Jonas Valančiūnas,SAC,0.6852511098789899,93.82716049382715,0.7998159509202454,43.83625766871165,99.39374233128835,163,21.154294478527603,2746.0,16.8479754601227
Josh Hart,NYK,0.6835502354717423,93.62139917695474,0.5682278481012658,71.12386075949367,96.40177215189873,158,35.46683544303798,3214.5,20.342974683544305
Jalen Green,HOU,0.6835471432122003,93.4156378600823,0.585,67.305,100.0,164,32.305,3106.0,18.939999999999998
Josh Giddey,OKC,0.6769574936162056,93.20987654320987,0.7426666666666667,52.355999999999995,91.87133333333334,150,27.52,3072.5,20.47933333333333
De'Aaron Fox,SAS,0.6759352263296609,93.00411522633745,0.6880882352941178,62.713088235294116,83.57044117647058,136,36.03029411764706,3367.0,24.75485294117647
Donovan Mitchell,CLE,0.6718154377162464,92.79835390946502,0.7874603174603174,53.501666666666665,78.06936507936508,126,33.133650793650794,3295.0,26.146825396825395
Chet Holmgren,OKC,0.6713349802310844,92.5925925925926,0.7915789473684212,50.344210526315784,82.88280701754385,114,28.85017543859649,2603.0,22.835438596491226
Derrick White,BOS,0.6707574133418688,92.38683127572016,0.64,62.9893288590604,90.88684563758389,149,33.25248322147651,3172.5,21.287651006711407
Jalen Duren,DET,0.6681932805978097,92.18106995884774,0.7836690647482015,48.81309352517986,86.02266187050361,139,27.41726618705036,2991.0,21.517913669064747
Coby White,CHI,0.6657040159908532,91.9753086419753,0.5738562091503269,67.90908496732027,93.38967320261438,153,34.84490196078432,3041.5,19.88019607843137
Cade Cunningham,DET,0.663428430323334,91.76954732510289,0.718939393939394,57.79090909090909,80.78575757575759,132,34.292575757575754,3267.5,24.754545454545454
Myles Turner,IND,0.6619784682693283,91.56378600823045,0.7016778523489934,53.94355704697987,90.9523489932886,149,28.525973154362422,2966.0,19.906375838926177
Evan Mobley,CLE,0.6602961981257132,91.35802469135803,0.8186776859504132,48.38297520661157,76.00735537190081,121,30.567851239669423,3020.0,24.95925619834711
Jalen Williams,OKC,0.6573935866724028,91.1522633744856,0.6944999999999999,56.65757142857142,85.38742857142859,140,31.862142857142857,3101.0,22.149428571428572
Brook Lopez,MIL,0.6510133347753094,90.94650205761316,0.5699371069182391,62.985786163522015,96.95383647798742,159,31.179119496855343,2816.0,17.71012578616352
Scottie Barnes,TOR,0.6503492466721995,90.74074074074075,0.7487999999999999,53.7352,76.342,125,33.8236,3166.5,25.328799999999998
Paolo Banchero,ORL,0.6502124342336775,90.53497942386831,0.6655555555555556,59.81809523809524,82.42380952380952,126,34.760952380952375,2931.5,23.264603174603177
Tyler Herro,MIA,0.6488687263520179,90.3292181069959,0.7011764705882353,57.413529411764706,78.8364705882353,119,34.72294117647059,2903.5,24.39823529411765
Naz Reid,MIN,0.6419792001493185,90.12345679012346,0.6350310559006211,52.876335403726706,98.17378881987577,161,25.859875776397512,2650.5,16.45944099378882
Miles Bridges,CHA,0.6419697584062224,89.91769547325103,0.6629323308270676,58.82390977443609,81.21466165413533,133,34.66233082706767,3038.0,22.842631578947366
Deni Avdija,WAS,0.6409164847926079,89.7119341563786,0.6442857142857144,56.14469387755102,89.6673469387755,147,30.055714285714288,2857.5,19.440408163265307
Jaren Jackson Jr.,MEM,0.6408994747284811,89.50617283950618,0.6728571428571429,55.080000000000005,85.64357142857142,140,30.932571428571425,2910.5,20.79
Dejounte Murray,NOP,0.6401846335784812,89.30041152263375,0.6786238532110092,57.92183486238532,78.81798165137614,109,34.81825688073395,2575.5,23.626055045871556
Tyrese Maxey,PHI,0.6391218010140857,89.09465020576131,0.6757377049180328,59.50245901639344,76.01,122,37.59098360655738,3099.5,25.403934426229505
Kawhi Leonard,LAC,0.6350421156900898,88.88888888888889,0.7918095238095239,48.90342857142858,69.60647619047619,105,33.431333333333335,2785.5,26.52657142857143
Jamal Murray,DEN,0.6341025461437375,88.68312757201646,0.7015079365079366,54.81420634920635,77.13984126984126,126,33.964126984126985,2998.5,23.796031746031748
Payton Pritchard,BOS,0.6321046745312189,88.47736625514403,0.6195061728395062,51.97024691358025,98.79506172839505,162,25.29222222222222,2558.5,15.795308641975309
Daniel Gafford,DAL,0.6314883878263159,88.27160493827161,0.8117557251908397,39.59503816793893,81.22007633587786,131,23.21030534351145,2460.5,18.781374045801527
Jaylen Brown,BOS,0.6275198385110097,88.06584362139918,0.6457894736842106,57.29842105263158,81.32473684210527,133,33.83421052631579,2899.0,21.799473684210525
Keegan Murray,SAC,0.6246104177887524,87.86008230452676,0.5050980392156863,66.04320261437908,93.29398692810457,153,33.97764705882353,2608.0,17.04751633986928
Zion Williamson,NOP,0.6225203906200645,87.65432098765432,0.7879999999999999,45.783,70.736,100,30.645,2415.5,24.155
Franz Wagner,ORL,0.620864477955863,87.44855967078189,0.6463636363636364,55.762727272727275,81.14999999999999,132,33.03272727272727,2838.0,21.49909090909091
Darius Garland,CLE,0.6204110768575205,87.24279835390946,0.6565909090909091,54.058409090909095,81.98159090909091,132,31.828636363636363,2725.0,20.645000000000003
Nic Claxton,BKN,0.6198652917142358,87.03703703703704,0.6653191489361703,50.80106382978724,85.98432624113475,141,28.350354609929077,2670.0,18.9363829787234
Tobias Harris,DET,0.6177938131726655,86.83127572016461,0.5791608391608392,59.348321678321675,87.23328671328672,143,32.6813986013986,2706.0,18.92118881118881
Clint Capela,ATL,0.6120482615907804,86.62551440329219,0.7742187500000001,40.127109375,79.588359375,128,23.905078125000003,2381.5,18.6015625
Bobby Portis,MIL,0.6113191225517678,86.41975308641975,0.7149618320610687,43.756030534351154,84.94839694656488,131,24.822900763358778,2322.5,17.72854961832061
Kyrie Irving,DAL,0.6113128039244705,86.21399176954732,0.7583333333333334,48.91259259259259,66.21611111111112,108,35.49462962962963,2901.5,26.86611111111111
Joel Embiid,PHI,0.6098537111662549,86.0082304526749,1.0753448275862068,27.150689655172418,39.57017241379311,58,32.47586206896552,2037.5,35.126724137931035
Fred VanVleet,HOU,0.6093729145110297,85.80246913580247,0.5668421052631579,61.63157894736842,81.86962406015037,133,36.057218045112776,2711.0,20.38676691729323
Isaiah Hartenstein,OKC,0.6088632857532777,85.59670781893004,0.7145454545454546,44.81613636363636,81.98159090909091,132,26.407045454545454,2503.0,18.963863636363637
Jimmy Butler III,GSW,0.6088506838420642,85.39094650205762,0.7395652173913043,48.28347826086957,70.25260869565217,115,32.939565217391305,2797.5,24.330434782608695
Harrison Barnes,SAC,0.605695025403535,85.18518518518519,0.5,58.574999999999996,100.0,164,28.12,2291.5,13.975000000000001
Tyus Jones,PHX,0.6041795512677522,84.97942386831275,0.5959183673469388,52.472244897959186,90.56816326530613,147,27.93,2460.0,16.73265306122449
Obi Toppin,IND,0.6036579908468233,84.77366255144034,0.6545341614906833,41.653975155279504,98.20409937888199,161,20.33944099378882,2133.5,13.250372670807453
Paul George,PHI,0.603609286189584,84.5679012345679,0.6600869565217391,52.9784347826087,75.89356521739128,115,33.35365217391304,2534.0,22.03617391304348
Collin Sexton,UTA,0.6031617290570621,84.36213991769547,0.6408510638297872,49.113191489361704,86.94787234042555,141,27.180851063829788,2451.0,17.382978723404257
Malik Beasley,MIL,0.6002190898113693,84.15637860082305,0.4962111801242236,58.67714285714286,98.20409937888199,161,28.69869565217391,2295.0,14.257018633540373
Desmond Bane,MEM,0.5990928032602326,83.9506172839506,0.7086486486486486,48.70081081081081,71.69,111,32.86432432432433,2587.5,23.30837837837838
Zach LaVine,CHI,0.5984469256726213,83.7448559670782,0.6347474747474747,55.01646464646465,75.15161616161616,99,35.094242424242424,2217.5,22.40060606060606
Donte DiVincenzo,MIN,0.5970513166675415,83.53909465020575,0.5969930069930071,51.65853146853147,88.73426573426573,143,27.735244755244757,2366.0,16.549370629370628
Buddy Hield,GSW,0.5961509740517379,83.33333333333334,0.5401204819277108,51.15048192771084,101.23469879518072,166,24.23301204819277,2162.0,13.02710843373494
Walker Kessler,UTA,0.5959888042028576,83.1275720164609,0.7575409836065574,40.92032786885245,74.57000000000001,122,26.50573770491803,2480.5,20.334426229508196
Onyeka Okongwu,ATL,0.5956101550176638,82.92181069958848,0.6903100775193798,45.29852713178295,80.36131782945735,129,26.88806201550388,2411.0,18.69162790697674
Klay Thompson,DAL,0.5951203180012924,82.71604938271605,0.5606711409395972,54.10624161073825,90.9523489932886,149,28.51476510067114,2383.0,15.995436241610737
Jordan Poole,WAS,0.594721316653783,82.51028806584361,0.5545205479452056,55.51465753424658,89.44246575342467,146,29.767260273972607,2402.5,16.45328767123288
Amen Thompson,HOU,0.5928433424252819,82.3045267489712,0.6752671755725191,46.47801526717557,80.1081679389313,131,27.5881679389313,2440.0,18.62641221374046
Stephon Castle,SAS,0.5921998075415075,82.09876543209876,0.51,54.93,98.78,81,26.690000000000005,1101.5,13.6
Christian Braun,DEN,0.5921256333879884,81.89300411522635,0.5139751552795031,54.77360248447204,98.20409937888199,161,26.902546583850935,2283.0,14.177204968944098
Julius Randle,NYK,0.5910242850840812,81.6872427983539,0.6699999999999999,50.492,72.93,115,33.525999999999996,2596.5,22.578000000000003
Yves Missi,NOP,0.590770426655417,81.48148148148148,0.6,49.69,89.02,73,26.79,1168.0,16.0
T.J. McConnell,IND,0.5906541909135592,81.27572016460906,0.7220666666666666,34.46426666666666,91.725,150,18.043066666666668,1950.0,12.999266666666665
Jusuf Nurkić,CHA,0.5891757035835203,81.06995884773663,0.7018897637795276,42.439370078740154,80.44000000000001,127,24.729763779527563,2210.0,17.402204724409447
Dennis Schröder,DET,0.5860255227508273,80.8641975308642,0.4854838709677419,58.47612903225806,94.6083870967742,155,29.613548387096778,2245.0,14.484516129032258
Chris Paul,GSW,0.5856357288777096,80.65843621399176,0.59,50.22357142857143,87.87385714285715,140,27.30371428571429,2245.0,16.03642857142857
CJ McCollum,NOP,0.5853745294697317,80.45267489711934,0.6440983606557377,51.030163934426234,74.89,122,32.71,2579.0,21.139836065573768
Devin Vassell,SAS,0.5848343041347455,80.24691358024691,0.5909090909090909,53.85181818181819,80.56393939393939,132,32.056363636363635,2518.0,19.07424242424242
Andre Drummond,PHI,0.5825267635439579,80.04115226337449,0.8059663865546218,29.200588235294116,80.35344537815128,119,17.661344537815125,1679.0,14.11109243697479
Kristaps Porziņģis,BOS,0.5819464165803448,79.83539094650206,0.8172727272727273,37.764242424242425,61.75060606060605,99,29.29363636363636,2368.0,23.920303030303028
D'Angelo Russell,BKN,0.5805787863725145,79.62962962962963,0.5853731343283582,52.072686567164176,83.17925373134328,134,29.5865671641791,2348.0,17.51865671641791
Zach Edey,MEM,0.5800297144001578,79.42386831275721,0.74,35.97,80.49,66,21.45,1049.5,15.900000000000002
Keldon Johnson,SAS,0.579586426853872,79.21810699588477,0.5805479452054794,49.10554794520548,89.29212328767125,146,26.549657534246574,2260.5,15.482739726027395
Kyle Kuzma,MIL,0.575774752849638,79.01234567901234,0.5640740740740741,53.742222222222225,82.43296296296297,135,31.241851851851848,2394.5,17.73296296296296
Russell Westbrook,LAC,0.5746895057794918,78.80658436213992,0.6037762237762238,46.35048951048951,87.40377622377622,143,25.322657342657344,2173.5,15.20041958041958
Bub Carrington,WAS,0.5742288894831844,78.60082304526749,0.4000000000000001,62.44,100.0,82,29.97,984.0,12.0
Ty Jerome,CLE,0.5726065159184454,78.39506172839506,0.726111111111111,34.40777777777779,83.0663888888889,72,19.543333333333333,1037.0,14.398611111111112
Malik Monk,SAC,0.5724916989746484,78.18930041152264,0.5862773722627738,49.761970802919706,83.7529197080292,137,28.656934306569344,2300.5,16.789927007299273
Mike Conley,MIN,0.5719540471632715,77.9835390946502,0.5513605442176871,50.359115646258495,89.73857142857143,147,26.865238095238094,2190.5,14.903061224489797
Aaron Gordon,DEN,0.5677719621914094,77.77777777777779,0.6064516129032258,49.47024193548388,77.98919354838709,124,30.189112903225805,2272.0,18.31983870967742
Jabari Smith Jr.,HOU,0.5675614769795679,77.57201646090535,0.5442857142857142,53.87,82.75,133,31.122857142857143,2261.5,17.0
OG Anunoby,NYK,0.5664660317666357,77.36625514403292,0.5217741935483872,58.45774193548387,78.44161290322579,124,35.54387096774194,2293.5,18.493870967741934
John Collins,UTA,0.5651026130322362,77.1604938271605,0.7048148148148147,41.89629629629629,70.28185185185185,108,28.904444444444447,2211.0,20.47407407407407
Dyson Daniels,NOP,0.5636241838037447,76.95473251028807,0.5476642335766423,51.606131386861314,84.53627737226279,137,28.68284671532847,2209.0,16.124014598540143
Lauri Markkanen,UTA,0.5624714880191497,76.74897119341564,0.733235294117647,42.20735294117647,62.577352941176464,102,32.31127450980392,2436.0,23.883039215686278
Grayson Allen,PHX,0.5607134889943204,76.5432098765432,0.53,52.50956834532374,85.28561151079136,139,29.18654676258993,2149.5,15.46294964028777
Jaden McDaniels,MIN,0.5597168641976786,76.33744855967079,0.41519480519480517,60.374805194805205,94.29610389610389,154,30.645714285714284,1998.0,12.969480519480518
Jalen Smith,CHI,0.5594840791823976,76.13168724279835,0.81024,25.49432,76.26392,125,16.074559999999998,1626.5,13.01248
Jrue Holiday,BOS,0.5594332055085584,75.92592592592592,0.5468702290076336,53.084274809160306,80.1081679389313,131,31.749312977099237,2286.5,17.45557251908397
Jakob Poeltl,TOR,0.5571826195654116,75.7201646090535,0.7413084112149532,38.47485981308411,65.52401869158878,107,28.07934579439252,2226.5,20.81046728971963
Kel'el Ware,MIA,0.5560264283261397,75.51440329218107,0.7,36.14,78.05,64,22.23,990.0,15.47
Royce O'Neale,PHX,0.554669243815856,75.30864197530865,0.5143506493506494,48.1987012987013,93.96337662337663,154,24.61824675324675,1958.5,12.715454545454545
Spencer Dinwiddie,LAL,0.5544030283908871,75.1028806584362,0.4552903225806451,54.47593548387097,94.54541935483871,155,27.667612903225805,1955.0,12.613290322580644
Brandin Podziemski,GSW,0.5543312301326729,74.8971193415638,0.5685507246376812,47.04188405797101,84.58666666666666,138,26.702028985507248,2099.0,15.21
Donovan Clingan,POR,0.5536965337104612,74.69135802469135,0.7,33.63,81.71,67,19.76,921.5,13.75
Norman Powell,LAC,0.5522450002908996,74.48559670781893,0.5385294117647059,50.20823529411764,84.07264705882353,136,29.031176470588235,2150.0,15.809411764705882
Guerschon Yabusele,PHI,0.5519014389425633,74.2798353909465,0.55,48.14,85.37,70,27.07,1035.0,14.79
Santi Aldama,MEM,0.5516789063124089,74.07407407407408,0.6473809523809523,41.6568253968254,76.90746031746032,126,26.014126984126985,2112.0,16.762063492063493
Anfernee Simons,POR,0.5503112172067153,73.86831275720165,0.5758620689655172,51.076206896551724,73.76293103448276,116,33.39431034482759,2228.0,19.207241379310343
P.J. Washington,DAL,0.5478202049653969,73.66255144032921,0.5294615384615383,52.12307692307692,80.46561538461539,130,31.196076923076927,2151.5,16.550923076923077
Keyonte George,UTA,0.5462043480821266,73.4567901234568,0.4930281690140845,52.418591549295776,86.85964788732394,142,29.093239436619715,2045.5,14.403028169014085
Kyle Filipowski,UTA,0.5458637035553817,73.25102880658436,0.61,38.66,87.8,72,21.13,927.0,12.88
Aaron Wiggins,OKC,0.5458309454942738,73.04526748971193,0.5896103896103897,37.66987012987013,93.91584415584416,154,19.298181818181817,1764.0,11.455974025974024
Tim Hardaway Jr.,DET,0.5455107986684202,72.8395061728395,0.4357051282051282,54.27474358974359,95.13564102564102,156,27.392820512820517,1867.5,11.970833333333333
RJ Barrett,TOR,0.5451892340466233,72.63374485596708,0.615,47.09,70.73,116,31.955,2288.0,19.724999999999998
Alex Sarr,WAS,0.5444168599520158,72.42798353909465,0.57,46.09,81.71,67,27.08,1034.5,15.44
Nickeil Alexander-Walker,MIN,0.5436048520824797,72.22222222222221,0.44,50.73500000000001,100.0,164,24.355,1744.5,10.635
Toumani Camara,POR,0.5434898911810355,72.0164609053498,0.4468918918918919,55.0204054054054,90.50851351351352,148,28.971351351351352,1925.5,13.007027027027027
Moritz Wagner,ORL,0.5423408452651004,71.81069958847736,0.7118181818181818,30.046363636363637,80.93181818181819,110,17.98818181818182,1415.5,12.866363636363635
Trey Murphy III,NOP,0.54222415830814,71.60493827160494,0.6448181818181818,44.94918181818182,67.15872727272728,110,32.22290909090909,2281.5,20.744999999999997
Brandon Ingram,TOR,0.5417308322042632,71.39917695473251,0.65,45.01268292682927,65.73536585365854,82,32.89609756097561,1760.5,21.468048780487802
Bogdan Bogdanović,LAC,0.5414940792281195,71.19341563786008,0.5172180451127819,50.140977443609025,83.9606015037594,133,28.19127819548872,1960.5,14.737744360902255
Kevin Porter Jr.,MIL,0.5403328179517105,70.98765432098766,0.59,37.65,91.46,75,19.76,869.0,11.59
Trayce Jackson-Davis,GSW,0.5390200900016973,70.78189300411523,0.7413846153846153,26.736,79.43892307692309,130,16.128769230769233,1559.5,11.996307692307692
Caris LeVert,ATL,0.5383980931316201,70.57613168724279,0.57,45.28939393939394,80.56393939393939,132,26.928484848484853,2027.0,15.355454545454544
Luke Kornet,BOS,0.5374719070786176,70.37037037037037,0.6892647058823529,30.132941176470588,83.37316176470588,136,17.23639705882353,1612.5,11.858382352941177
Deandre Ayton,POR,0.5372337154126088,70.16460905349794,0.7231578947368421,39.12894736842105,59.36894736842105,95,31.46578947368421,2150.0,22.635789473684213
Andrew Wiggins,GSW,0.5371608595413555,69.95884773662551,0.5449618320610687,47.88312977099237,80.44343511450381,131,28.721755725190842,2061.0,15.73702290076336
Saddiq Bey,ATL,0.5360898166626327,69.75308641975309,0.52,52.38,76.83,63,32.72,1073.5,17.04
Luguentz Dort,OKC,0.5352503164228541,69.54732510288066,0.42419999999999997,54.9868,91.725,150,28.79446666666667,1840.5,12.271199999999999
Jalen Johnson,ATL,0.5345531649070469,69.34156378600824,0.6952173913043478,41.979565217391304,58.746086956521744,92,34.48913043478261,2206.0,23.97478260869565
Al Horford,BOS,0.5325781170098803,69.1358024691358,0.5964,43.2112,76.342,125,27.1876,2014.0,16.113599999999998
Jeremy Sochan,SAS,0.5322539154196559,68.93004115226337,0.54640625,46.831093749999994,79.95046875,128,27.792187500000004,1926.0,15.0471875
Kentavious Caldwell-Pope,ORL,0.5317837725797722,68.72427983539094,0.3698692810457517,59.44980392156862,93.29398692810457,153,30.593464052287583,1718.5,11.228692810457515
Tre Jones,CHI,0.5317287640831772,68.51851851851852,0.583739837398374,42.603089430894315,79.76341463414634,123,24.740731707317074,1770.5,14.394634146341463
Zaccharie Risacher,ATL,0.531473608279161,68.3127572016461,0.49,46.83,91.46,75,24.58,894.5,11.93
Immanuel Quickley,TOR,0.5312088503631194,68.10699588477365,0.6430693069306931,41.5790099009901,68.98178217821783,101,28.745841584158416,1869.0,18.501881188118812
Jaylen Wells,MEM,0.5307178447694244,67.90123456790124,0.42,51.92,96.34,79,25.87,857.5,10.85
Kevon Looney,GSW,0.5306620080260317,67.6954732510288,0.6405333333333334,29.676133333333333,91.47626666666666,150,15.577600000000002,1489.0,9.928133333333331
Matas Buzelis,CHI,0.5286898358758155,67.48971193415639,0.53,38.4,97.56,80,18.89,799.5,9.99
Nick Richards,PHX,0.5286533482983484,67.28395061728395,0.6283870967741936,38.814516129032256,76.10193548387096,124,24.314758064516127,1885.5,15.206129032258065
Sam Hauser,BOS,0.5279193323679054,67.07818930041152,0.5258,41.82020000000001,91.725,150,21.878533333333333,1737.0,11.576600000000001
Goga Bitadze,ORL,0.5278062303814326,66.8724279835391,0.6765151515151516,30.683636363636364,80.78575757575759,132,18.080909090909092,1631.5,12.360909090909091
Draymond Green,GSW,0.5277441824196027,66.66666666666666,0.5747154471544715,44.78715447154471,75.83813008130082,123,28.239918699186994,1987.5,16.15780487804878
Julian Champagnie,SAS,0.5269319703120638,66.46090534979425,0.4915384615384616,43.4925641025641,95.3702564102564,156,21.795384615384616,1694.5,10.861025641025641
Kelly Olynyk,NOP,0.526929204298406,66.2551440329218,0.6239344262295082,36.731147540983606,80.1672131147541,122,21.72049180327869,1659.0,13.59655737704918
Isaiah Joe,OKC,0.5260083406512938,66.0493827160494,0.5448684210526317,38.676842105263155,92.74421052631578,152,20.05842105263158,1655.0,10.889605263157893
Brandon Miller,CHA,0.5249431880028993,65.84362139917695,0.5213861386138614,50.627524752475246,74.91950495049504,101,32.73732673267327,1725.0,17.080396039603958
Cameron Johnson,BKN,0.5244815466663189,65.63786008230453,0.6095652173913044,43.15782608695652,70.12530434782609,115,29.552608695652175,2093.5,18.201217391304347
Jonathan Kuminga,GSW,0.5243270087479015,65.4320987654321,0.5883471074380165,41.582727272727276,77.45289256198346,121,25.56314049586777,1822.0,15.055867768595043
Taurean Prince,LAL,0.524197506645361,65.22633744855966,0.38518987341772154,54.29936708860759,96.35544303797468,158,27.045316455696202,1644.5,10.40493670886076
Cole Anthony,ORL,0.52360632786605,65.02057613168725,0.5409459459459459,39.460945945945944,91.05236486486487,148,20.620135135135136,1644.0,11.107297297297299
Paul Reed,DET,0.5230017484365602,64.81481481481481,0.6570866141732283,30.01228346456693,84.01259842519686,127,15.957165354330709,1325.0,10.42984251968504
Rui Hachimura,LAL,0.5208301466173111,64.60905349794238,0.5321259842519686,46.89102362204724,77.82905511811025,127,29.093858267716534,1967.0,15.487716535433071
Gary Trent Jr.,MIL,0.5207587965851126,64.40329218106996,0.4595862068965517,49.34862068965517,88.45275862068965,145,26.809241379310347,1780.0,12.272344827586206
Bennedict Mathurin,IND,0.5202658628948029,64.19753086419753,0.5109923664122137,47.62007633587787,80.66145038167939,131,28.1475572519084,1879.5,14.349618320610686
Corey Kispert,WAS,0.5200564929831165,63.991769547325106,0.4797163120567376,47.4077304964539,87.53609929078014,141,26.01737588652482,1750.0,12.41212765957447
Kelly Oubre Jr.,PHI,0.5186354302453662,63.78600823045267,0.4753125,52.491875,78.355,128,32.2971875,1980.5,15.4690625
Dillon Brooks,HOU,0.5180955607385701,63.580246913580254,0.3655102040816327,58.66693877551021,89.6673469387755,147,31.394285714285715,1702.0,11.580612244897958
Terry Rozier,MIA,0.5173347504210245,63.37448559670782,0.5324800000000001,46.868480000000005,76.26392,125,29.589520000000004,2017.0,16.13464
Scotty Pippen Jr.,MEM,0.5168666771311585,63.16872427983539,0.5979,36.5902,81.4867,100,22.0959,1318.0,13.1778
Derrick Jones Jr.,DAL,0.5149405346260337,62.96296296296296,0.45006535947712417,46.45751633986928,93.29398692810457,153,23.897843137254903,1643.5,10.7381045751634
Jaime Jaquez Jr.,MIA,0.514535210171867,62.757201646090536,0.49680851063829795,44.83382978723404,86.32510638297872,141,24.69276595744681,1709.0,12.121489361702128
Georges Niang,CLE,0.5142174792949147,62.55144032921811,0.4394409937888199,44.851677018633545,98.20409937888199,161,21.912919254658384,1545.5,9.602546583850932
Alex Caruso,OKC,0.5088748095502782,62.34567901234568,0.5616,40.867200000000004,77.63032000000001,125,24.64896,1703.5,13.62744
Duncan Robinson,MIA,0.5086133500853358,62.139917695473244,0.4647887323943662,46.82577464788732,86.7394366197183,142,25.992816901408446,1716.5,12.090281690140845
Jonathan Isaac,ORL,0.5075838762191731,61.934156378600825,0.6849612403100775,25.689224806201548,79.4591472868217,129,15.538837209302324,1374.5,10.651782945736434
Mark Williams,CHA,0.5072434055292553,61.72839506172839,0.8598412698412699,24.674285714285716,44.46460317460318,63,26.655238095238094,1439.0,22.843174603174603
Cason Wallace,OKC,0.5068302425421842,61.52263374485597,0.45,45.111599999999996,92.26160000000002,150,23.7852,1598.5,10.6552
Shaedon Sharpe,POR,0.5059548186771113,61.31687242798354,0.5161538461538462,47.893846153846155,72.79076923076923,104,31.836923076923078,1694.0,16.290769230769232
Cam Thomas,BKN,0.5058090546407791,61.111111111111114,0.581978021978022,43.682527472527475,66.75373626373626,91,31.3878021978022,1661.5,18.25912087912088
Naji Marshall,NOP,0.5057800951701019,60.90534979423868,0.5355555555555557,40.53688888888889,82.36066666666666,135,23.52733333333333,1707.5,12.649555555555557
Day'Ron Sharpe,BKN,0.5056275986533089,60.69958847736625,0.7554954954954954,23.24135135135135,68.34945945945945,111,16.468378378378375,1382.5,12.452972972972972
Ja Morant,MEM,0.5054712892672929,60.49382716049383,0.7315254237288135,33.944406779661016,53.352881355932205,59,31.13508474576271,1339.5,22.70305084745763
Jaden Ivey,DET,0.5033791201773478,60.288065843621396,0.495233644859813,46.94186915887851,77.83177570093459,107,29.11682242990654,1535.5,14.353644859813084
Ayo Dosunmu,CHI,0.5033741730665418,60.08230452674898,0.47754098360655733,48.36737704918033,78.88754098360656,122,29.558688524590163,1718.5,14.086229508196721
Wendell Carter Jr.,ORL,0.5033098894317234,59.876543209876544,0.5602439024390243,40.67243902439024,75.83813008130082,123,25.730325203252033,1770.5,14.393983739837399
Zach Collins,CHI,0.5021998738894315,59.67078189300411,0.6088721804511278,32.05203007518797,81.21466165413533,133,18.818571428571428,1516.0,11.398646616541352
Dalton Knecht,LAL,0.5020494295245375,59.465020576131685,0.49,37.95,95.12,78,19.15,732.5,9.39
Max Strus,CLE,0.5016764703266788,59.25925925925925,0.5066666666666666,46.660833333333336,75.20750000000001,120,29.264999999999997,1759.0,14.658333333333333
Moussa Diabaté,LAC,0.4998760408956106,59.053497942386834,0.6654878048780487,27.510365853658534,76.77317073170732,82,15.909878048780486,843.0,10.280243902439025
De'Andre Hunter,ATL,0.4983954134184177,58.8477366255144,0.5334710743801653,43.503388429752064,74.02702479338843,121,28.273471074380165,1830.0,15.12603305785124
Precious Achiuwa,NYK,0.49782703223248437,58.64197530864198,0.5625954198473282,36.23312977099236,81.22007633587786,131,21.32213740458015,1566.5,11.957709923664122
Bradley Beal,PHX,0.49687606954393987,58.43621399176955,0.5700000000000001,44.07,64.63,106,32.725,1977.5,18.655
Jalen Suggs,ORL,0.49621972647748924,58.230452674897116,0.5227272727272727,43.17681818181818,75.93909090909091,110,27.514999999999997,1584.0,14.398636363636363
Keon Johnson,BKN,0.49481870383082677,58.0246913580247,0.42238095238095236,46.09154761904762,90.96857142857144,84,23.650357142857143,832.0,9.90392857142857
Herbert Jones,NOP,0.49346627486758265,57.818930041152264,0.44333333333333336,50.123749999999994,78.45291666666667,96,30.9375,1321.5,13.762083333333335
LaMelo Ball,CHA,0.4918505152258418,57.61316872427984,0.7495652173913043,31.79536231884058,47.59855072463768,69,32.11202898550724,1657.5,24.019565217391303
Kyle Anderson,MIA,0.48873578062288275,57.407407407407405,0.5135714285714285,36.6385,86.77607142857144,140,19.88907142857143,1408.0,10.055857142857144
Quentin Grimes,DET,0.483831406467803,57.20164609053497,0.49880952380952376,40.98642857142857,79.61666666666666,126,24.111904761904764,1566.0,12.43047619047619
Isaiah Collier,UTA,0.4816183352135514,56.99588477366255,0.41,46.73,86.59,71,25.9,750.0,10.56
Brandon Clarke,MEM,0.4814464469201931,56.79012345679012,0.6425714285714287,28.324285714285715,71.98742857142857,70,19.162571428571425,856.5,12.238857142857142
Aaron Nesmith,IND,0.48060960841784583,56.5843621399177,0.5030769230769231,42.14923076923077,75.13846153846153,117,26.630769230769232,1556.0,13.29846153846154
Ausar Thompson,DET,0.4792011037863265,56.37860082304527,0.548360655737705,37.07622950819672,74.47,122,23.852950819672134,1594.5,13.06688524590164
Kevin Huerter,CHI,0.47914396253790903,56.17283950617284,0.47924812030075187,41.230827067669175,81.21466165413533,133,24.368496240601505,1551.5,11.667142857142858
Keon Ellis,SAC,0.4785502213239762,55.96707818930041,0.4733576642335767,39.24832116788321,85.88956204379562,137,21.362700729927006,1388.0,10.126642335766423
Isaiah Jackson,IND,0.4776626642081659,55.76131687242798,0.7430769230769231,18.24692307692308,68.01076923076923,65,13.152307692307692,632.5,9.726153846153846
Peyton Watson,DEN,0.4764274498319877,55.55555555555556,0.44081081081081075,39.76189189189189,90.83810810810812,148,21.241891891891893,1385.0,9.357027027027026
Moses Moody,GSW,0.47608495464957756,55.349794238683124,0.49828571428571433,35.993,85.64357142857142,140,20.036571428571428,1386.5,9.901285714285715
Terance Mann,ATL,0.4717795417718343,55.144032921810705,0.4294366197183099,42.083169014084504,86.85964788732394,142,23.148732394366196,1404.5,9.889084507042254
Isaiah Stewart,DET,0.47176442530478047,54.93827160493827,0.5349152542372881,36.32084745762712,75.44237288135592,118,24.205932203389832,1507.0,12.770508474576271
Tari Eason,HOU,0.4713262714627393,54.73251028806584,0.68,29.42987341772152,57.62443037974683,79,24.056708860759493,1292.5,16.360759493670887
Grant Williams,CHA,0.47098425295115676,54.52674897119342,0.418695652173913,46.80782608695653,79.95478260869565,92,28.35391304347826,1090.0,11.85086956521739
Andrew Nembhard,IND,0.4706353246280168,54.32098765432099,0.42488721804511276,45.392330827067674,81.14127819548872,133,26.89511278195489,1529.5,11.501428571428573
Dereck Lively II,DAL,0.47060241781834167,54.11522633744856,0.6876923076923077,28.243516483516483,57.903846153846146,91,23.37175824175824,1459.0,16.033406593406593
Patrick Beverley,MIL,0.4704072316986666,53.90946502057613,0.45999999999999996,37.16,89.02,73,20.03,668.5,9.16
Kris Dunn,UTA,0.4690452551593598,53.70370370370371,0.4577142857142857,38.90742857142857,85.64357142857142,140,21.65742857142857,1366.0,9.754714285714284
Dorian Finney-Smith,LAL,0.46855799020216504,53.49794238683128,0.40519083969465647,47.73610687022901,79.99641221374047,131,28.651984732824427,1528.0,11.663053435114504
Drew Eubanks,LAC,0.46704706854086603,53.29218106995884,0.5869117647058824,24.872794117647057,83.80360294117646,136,14.077426470588236,1115.0,8.19764705882353
Jabari Walker,POR,0.4662853230903757,53.086419753086425,0.5327272727272727,32.21909090909091,81.14999999999999,132,18.560909090909092,1296.5,9.820909090909092
Mason Plumlee,LAC,0.4657884929630877,52.88065843621399,0.5976666666666667,26.93116666666667,77.15299999999999,120,16.450666666666667,1175.5,9.795666666666667
Cameron Payne,NYK,0.4645369213197794,52.674897119341566,0.49439999999999995,30.518800000000002,91.6064,150,15.961599999999999,1174.5,7.83
Khris Middleton,WAS,0.4630039035724177,52.46913580246913,0.643913043478261,31.206413043478257,58.24228260869564,92,25.33076086956522,1502.0,16.33032608695652
Kevin Love,MIA,0.46214132236205885,52.2633744855967,0.7682051282051282,18.44064102564103,55.564102564102555,78,15.069102564102563,910.0,11.666153846153847
Scoot Henderson,POR,0.4618299496542687,52.05761316872428,0.42640625,44.7675,78.12625,128,27.5315625,1487.5,11.620156249999999
Steven Adams,HOU,0.4618258152218001,51.85185185185185,0.68,20.17,70.73,58,13.69,536.0,9.239999999999998
Kyshawn George,WAS,0.45969281082117786,51.64609053497943,0.39,45.79,82.93,68,26.5,695.5,10.23
Justin Champagnie,WAS,0.45946740127683394,51.440329218106996,0.6302597402597403,28.587922077922084,64.44376623376624,77,20.45896103896104,992.0,12.885324675324675
Ochai Agbaji,TOR,0.45879283971951745,51.23456790123457,0.3930985915492958,42.8187323943662,87.42647887323945,142,23.80830985915493,1344.0,9.464084507042255
Tristan da Silva,ORL,0.45760480387373975,51.028806584362144,0.39,41.38,90.24,74,22.01,642.0,8.68
Thomas Bryant,MIA,0.4568106870808568,50.82304526748971,0.6873076923076924,19.625,68.01211538461538,104,13.501153846153844,961.0,9.239615384615384
Simone Fontecchio,DET,0.45668239106914843,50.617283950617285,0.4521276595744681,36.26468085106383,86.32510638297872,141,20.431276595744677,1327.0,9.41468085106383
Sandro Mamukelashvili,SAS,0.45601856593088186,50.41152263374485,0.735607476635514,14.795046728971961,66.52700934579438,107,10.581028037383179,838.0,7.831775700934579
Jaylin Williams,OKC,0.4512882344624505,50.20576131687243,0.6329310344827587,21.627155172413794,73.27922413793102,116,14.491034482758621,1077.0,9.28396551724138
Trey Lyles,SAC,0.45023340001691314,50.0,0.5154330708661418,32.07047244094488,78.0211811023622,127,19.747244094488185,1293.5,10.181102362204724
Max Christie,LAL,0.4501187091046489,49.794238683127574,0.3915172413793103,40.15482758620689,88.92365517241379,145,21.17993103448276,1217.5,8.397655172413792
James Wiseman,IND,0.4497267140861354,49.58847736625515,0.568125,27.288749999999997,75.64859375,64,17.121718750000003,617.5,9.64625
Luke Kennard,MEM,0.44898805859668384,49.382716049382715,0.5562500000000001,32.886250000000004,67.37875,104,23.7575,1377.5,13.246250000000002
Haywood Highsmith,MIA,0.4488081417781559,49.17695473251029,0.39885714285714285,40.77857142857143,85.64357142857142,140,22.740857142857145,1260.5,9.003142857142857
Ryan Dunn,PHX,0.4483700050090225,48.971193415637856,0.42,35.83,90.24,74,19.06,595.0,8.04
Miles McBride,NYK,0.4479873928176349,48.76543209876543,0.4548484848484849,37.00272727272727,80.56393939393939,132,22.133636363636363,1329.5,10.072424242424242
Ronald Holland II,DET,0.4474863693920498,48.559670781893004,0.41000000000000003,32.17,98.78,81,15.629999999999999,515.0,6.360000000000001
Bilal Coulibaly,WAS,0.44745629198033887,48.35390946502058,0.39901639344262296,46.43327868852459,74.47,122,30.025245901639344,1475.5,12.094754098360655
Cedi Osman,SAS,0.44665580904550717,48.148148148148145,0.4600000000000001,32.23,87.8,72,17.62,586.0,8.14
Kenrich Williams,OKC,0.44193261172828413,47.94238683127572,0.51,27.445,84.15,138,15.655,1104.0,8.0
Jerami Grant,POR,0.4418391146865766,47.73662551440329,0.4788118811881188,42.874950495049504,61.88059405940594,101,33.205940594059406,1599.5,15.837821782178219
Sam Merrill,CLE,0.44134151985435355,47.53086419753087,0.48621212121212126,31.699696969696966,80.95212121212121,132,18.71409090909091,1192.0,9.028863636363637
Nicolas Batum,LAC,0.4407184464349182,47.325102880658434,0.41999999999999993,36.53130434782609,85.57652173913044,138,20.99086956521739,1213.5,8.79304347826087
Chris Boucher,TOR,0.4384862256354663,47.11934156378601,0.68,19.91,60.98,100,15.675,1080.5,10.805
Jamal Shead,TOR,0.43811475117100773,46.913580246913575,0.38,37.27,91.46,75,19.56,562.0,7.49
Amir Coffey,LAC,0.4373553668794189,46.70781893004115,0.37014084507042255,40.806338028169016,86.60211267605634,142,22.59394366197183,1195.5,8.418169014084508
Bojan Bogdanović,NYK,0.43715698144156856,46.50205761316872,0.48,37.55,69.51,57,25.93,713.5,12.52
Anthony Black,ORL,0.4356257152321634,46.2962962962963,0.3636734693877551,39.322040816326535,89.97081632653062,147,20.754081632653065,1139.5,7.75061224489796
Reggie Jackson,PHI,0.4348743861993185,46.09053497942387,0.42353982300884957,36.1741592920354,82.93628318584071,113,19.479734513274337,941.0,8.329292035398229
Davion Mitchell,SAC,0.43428595277891435,45.884773662551446,0.36013698630136987,39.90616438356164,89.03671232876711,146,21.42794520547945,1147.0,7.853424657534246
Marvin Bagley III,MEM,0.43325501925594556,45.67901234567901,0.7185185185185186,19.098024691358024,52.10864197530864,81,16.282222222222224,950.0,11.726913580246913
Jonathan Mogbo,TOR,0.43305013678447585,45.47325102880658,0.48,32.66,76.83,63,20.41,623.0,9.89
Jordan Clarkson,UTA,0.4301085689954356,45.267489711934154,0.5381521739130435,35.384239130434786,58.24228260869564,92,28.748043478260872,1407.5,15.300760869565218
Larry Nance Jr.,ATL,0.42670065531957924,45.06172839506173,0.6025882352941176,25.498588235294118,61.65023529411765,85,19.759294117647062,1007.0,11.849882352941176
Jalen Wilson,BKN,0.42653897006235364,44.8559670781893,0.38762295081967213,39.369098360655734,80.86704918032787,122,22.09377049180328,1026.0,8.411967213114753
Adem Bona,PHI,0.4258723214103054,44.650205761316876,0.58,22.979999999999997,70.73,58,15.6,521.5,8.989999999999998
Dalano Banton,POR,0.4252667728407671,44.44444444444444,0.5189256198347107,27.624380165289256,74.63198347107438,121,17.911570247933884,1125.5,9.303305785123968
Brice Sensabaugh,UTA,0.4249762725174097,44.23868312757202,0.5133980582524272,29.691067961165047,71.81097087378642,103,19.576601941747576,1042.5,10.12116504854369
Tyrese Martin,BKN,0.4231459864010775,44.03292181069959,0.47,33.42,73.17,60,21.92,617.5,10.29
Marcus Sasser,DET,0.4228020463528497,43.82716049382716,0.4878125,28.215859375,78.98406250000001,128,16.888046875,1045.0,8.166328125
Bruce Brown,NOP,0.4226498828192393,43.62139917695473,0.4424074074074074,38.28648148148149,69.67194444444443,108,25.805185185185184,1232.5,11.416388888888887
Dario Šarić,DEN,0.42236645112946436,43.415637860082306,0.5900000000000001,23.381999999999998,66.342,80,16.35,784.0,9.796000000000001
Jaxson Hayes,LAL,0.4168591562710068,43.20987654320987,0.5122222222222221,24.715555555555557,77.7788888888889,126,15.632222222222223,1024.0,8.126666666666667
Jose Alvarado,NOP,0.4160031689887294,43.00411522633745,0.505,30.415000000000003,68.29,112,21.375,1217.0,10.865
Isaac Okoro,CLE,0.41492674727155554,42.79835390946502,0.3911290322580645,38.545645161290324,76.5741935483871,124,23.712903225806453,1160.5,9.358790322580646
Neemias Queta,BOS,0.41479775590389484,42.592592592592595,0.6415555555555555,17.742444444444445,62.71133333333333,90,13.291555555555556,759.0,8.43288888888889
Cam Whitmore,HOU,0.41422773957172176,42.38683127572017,0.6191836734693877,21.657040816326536,59.859591836734694,98,17.41857142857143,1056.5,10.783469387755101
Duop Reath,POR,0.41370269407815985,42.181069958847736,0.5459649122807019,23.215614035087718,72.10385964912281,114,14.763157894736844,921.0,8.080701754385965
Alec Burks,MIA,0.41364970827349734,41.9753086419753,0.5142608695652174,27.013391304347827,71.65721739130433,115,18.04469565217391,1069.0,9.294782608695654
Pat Connaughton,MIL,0.4117838391753673,41.76954732510288,0.428034188034188,33.033846153846156,77.72376068376069,117,19.4808547008547,956.5,8.174786324786325
Aaron Holiday,HOU,0.4102244178061123,41.56378600823045,0.4377142857142857,26.882571428571428,86.47985714285714,140,14.724428571428572,896.0,6.401428571428572
Jarace Walker,IND,0.407939657357142,41.358024691358025,0.5130555555555555,23.580555555555552,75.80944444444444,108,14.139444444444443,778.0,7.2025
Josh Green,CHA,0.407827707985265,41.1522633744856,0.33103999999999995,43.51768,76.81048000000001,125,27.13984,1124.5,8.99584
Eric Gordon,PHI,0.4066644079546598,40.94650205761317,0.41271028037383173,37.6766355140187,70.0381308411215,107,24.866728971962615,1108.0,10.355700934579438
Jake LaRavia,MEM,0.4043138288275758,40.74074074074074,0.49306930693069306,29.494356435643564,67.38752475247524,101,21.334059405940597,1062.5,10.517623762376239
Ziaire Williams,MEM,0.4037664236366498,40.534979423868315,0.4431578947368421,33.43368421052631,70.285,114,22.626842105263158,1153.5,10.118421052631579
Caleb Martin,DAL,0.40311329680353297,40.32921810699588,0.40110091743119264,38.98229357798165,68.48440366972477,109,27.293119266055044,1193.0,10.948440366972475
Bol Bol,PHX,0.4012610915518903,40.123456790123456,0.7345569620253165,11.678481012658226,48.548354430379746,79,11.616329113924051,674.5,8.538607594936709
Javonte Green,CHI,0.4009995725440793,39.91769547325103,0.45740259740259737,28.908181818181824,74.52025974025975,77,19.32987012987013,695.5,9.034415584415584
Jordan Hawkins,NOP,0.39849050104237793,39.711934156378604,0.4254471544715447,31.338455284552843,75.600081300813,123,20.17008130081301,1051.5,8.55
Patrick Williams,CHI,0.3955433064062637,39.50617283950617,0.42,35.90415094339622,66.93594339622642,106,25.94490566037736,1151.0,10.85811320754717
Gordon Hayward,OKC,0.3953496960320345,39.300411522633745,0.48,31.64,62.2,51,24.42,594.5,11.66
Dennis Smith Jr.,BKN,0.3938665578663054,39.09465020576132,0.48999999999999994,26.9,68.29,56,18.9,518.0,9.25
DeAndre Jordan,DEN,0.3937917338014416,38.88888888888889,0.6443478260869565,14.61521739130435,58.746086956521744,92,11.805652173913042,696.5,7.5713043478260875
Malaki Branham,SAS,0.3935869537009783,38.68312757201646,0.42237704918032787,29.079754098360656,78.30770491803278,122,16.56770491803279,812.5,6.663114754098361
Ricky Council IV,PHI,0.3933405797917089,38.477366255144034,0.4857142857142857,24.314666666666668,73.78190476190477,105,14.651428571428573,725.5,6.912952380952381
Jordan Nwora,TOR,0.3930862123530031,38.2716049382716,0.59,18.07,63.41,52,13.68,420.5,8.09
Trendon Watford,BKN,0.3928474082739737,38.065843621399175,0.5329906542056074,22.348037383177573,67.30214953271027,107,16.53607476635514,925.0,8.642897196261682
Omer Yurtseven,UTA,0.3927746945403081,37.86008230452675,0.65,13.85,58.54,48,11.36,356.0,7.419999999999999
Gary Payton II,GSW,0.39249006482431453,37.65432098765432,0.5484905660377358,20.949056603773585,66.49867924528301,106,15.15754716981132,880.5,8.305094339622642
Gradey Dick,TOR,0.39216210152315123,37.4485596707819,0.39842105263157895,36.056315789473686,69.70263157894736,114,25.047368421052628,1149.5,10.08578947368421
Jeremiah Robinson-Earl,NOP,0.39201169050486795,37.242798353909464,0.5214285714285715,22.940857142857144,68.25885714285714,105,14.981428571428571,836.5,7.967714285714285
AJ Green,MIL,0.39146852579118874,37.03703703703704,0.39604651162790694,30.62875968992248,80.02093023255814,129,17.624883720930235,872.0,6.75984496124031
Matisse Thybulle,POR,0.3907861214103332,36.831275720164605,0.43875000000000003,32.19125,67.83625,80,22.49375,789.0,9.8625
Christian Wood,LAL,0.3905271618457723,36.62551440329218,0.56,22.15,60.98,50,17.44,487.0,9.74
Malachi Flynn,CHA,0.3902280884603497,36.41975308641975,0.4789041095890411,21.120000000000005,79.80643835616439,73,12.611917808219177,442.5,6.058630136986301
Jared Butler,WAS,0.39016098164744917,36.21399176954733,0.552,21.66,63.413999999999994,100,16.096,886.0,8.864
Jeff Green,HOU,0.38886440796646593,36.0082304526749,0.43327272727272725,26.478363636363635,78.8,110,15.488727272727274,725.0,6.588909090909091
Kai Jones,DAL,0.3861768234208216,35.80246913580247,0.7,11.9,48.78,40,11.71,327.0,8.18
Jamison Battle,TOR,0.3860120954022925,35.59670781893004,0.46,26.47,71.95,59,17.66,475.0,8.05
Dean Wade,CLE,0.3850796931810197,35.390946502057616,0.44,30.066194690265487,69.03495575221238,113,20.890707964601766,1039.5,9.198761061946904
Mo Bamba,NOP,0.38337838117309353,35.18518518518518,0.6128089887640449,15.82573033707865,58.547303370786516,89,12.964831460674159,709.5,7.974157303370787
Jaden Hardy,DAL,0.3832493702791421,34.97942386831276,0.43369230769230765,24.218,80.46561538461539,130,14.589153846153847,821.0,6.316999999999999
Talen Horton-Tucker,CHI,0.3829130947381526,34.77366255144033,0.52,21.777522935779817,66.73889908256882,109,15.89559633027523,897.0,8.231834862385321
Nikola Jović,MIA,0.38167936721760376,34.5679012345679,0.53,26.065,56.1,92,22.3,1088.5,11.830000000000002
John Konchar,MEM,0.3796949340096697,34.36213991769547,0.5273267326732674,22.69683168316832,62.07376237623761,101,17.14990099009901,896.5,8.87841584158416
Chimezie Metu,DET,0.37753391530368097,34.15637860082305,0.53,21.82,62.2,51,16.84,459.0,9.0
Kris Murray,POR,0.3745495613516999,33.95061728395062,0.36473282442748095,30.131068702290076,80.1081679389313,131,18.23679389312977,873.5,6.6679389312977095
Malcolm Brogdon,WAS,0.37426586277734886,33.744855967078195,0.6147619047619048,23.08952380952381,40.59238095238096,63,26.74380952380952,1039.0,16.493333333333332
Karlo Matković,NOP,0.37388029385702126,33.53909465020576,0.59,20.09,51.21999999999999,42,18.82,468.5,11.15
Jock Landale,HOU,0.3727631273769772,33.33333333333333,0.5728571428571428,16.528571428571425,60.97428571428571,98,12.892857142857142,720.0,7.35
Ben Simmons,BKN,0.37212998960495397,33.1275720164609,0.5463636363636364,24.056818181818183,52.22045454545455,66,22.400000000000002,813.0,12.322272727272727
Daniel Theis,NOP,0.37174625337615574,32.92181069958848,0.5144897959183674,21.90244897959184,62.7665306122449,98,16.692857142857143,844.5,8.617755102040816
Lonnie Walker IV,PHI,0.37031172612215235,32.71604938271605,0.5274358974358975,22.207948717948717,58.847948717948725,78,19.073589743589743,784.0,10.055897435897435
Jordan Goodwin,LAL,0.3688438142487633,32.510288065843625,0.5265116279069768,22.42279069767442,57.99767441860465,86,18.58406976744186,842.5,9.793720930232558
Oso Ighodaro,PHX,0.3680062275151543,32.30452674897119,0.41,26.56,74.39,61,17.14,430.5,7.06
Charles Bassey,SAS,0.3677659521576409,32.098765432098766,0.7530909090909091,8.047636363636363,36.73872727272727,55,10.557818181818183,437.0,7.943454545454546
Tidjane Salaün,CHA,0.36754169310419416,31.893004115226336,0.37,31.61,73.17,60,20.74,464.5,7.74
Quinten Post,GSW,0.3673142233311158,31.68724279835391,0.6,17.42,51.21999999999999,42,16.33,412.5,9.82
Johnny Juzang,UTA,0.36684010143166623,31.48148148148148,0.44857142857142857,26.829047619047618,65.27380952380952,84,19.542380952380952,734.0,8.735238095238095
Ryan Rollins,MIL,0.3652308869326486,31.275720164609055,0.5627536231884058,17.270434782608696,58.410000000000004,69,13.00217391304348,481.5,6.978115942028985
Vince Williams Jr.,MEM,0.3648104100692342,31.069958847736622,0.4892405063291139,28.355569620253167,52.99278481012657,79,24.49594936708861,967.5,12.244810126582278
Kyle Lowry,PHI,0.36241233062423944,30.864197530864196,0.39789473684210525,33.28473684210527,61.93684210526316,95,24.726315789473684,948.5,9.987368421052631
Josh Okogie,CHA,0.36044151824715237,30.65843621399177,0.49599999999999994,20.98,63.413999999999994,100,15.847999999999999,783.5,7.832000000000001
Craig Porter Jr.,CLE,0.357128426390395,30.45267489711934,0.5499999999999999,14.77,62.2,102,11.395,641.0,6.284999999999999
Richaun Holmes,WAS,0.35624337588310806,30.246913580246915,0.6429577464788733,13.857323943661973,43.985915492957744,71,15.325774647887325,710.5,10.008028169014084
Dwight Powell,DAL,0.35595529861141395,30.04115226337449,0.47203389830508474,17.87076271186441,72.28084745762712,118,11.755169491525425,663.5,5.625254237288136
Seth Curry,CHA,0.3548749592401955,29.835390946502056,0.4325,22.525000000000002,71.43107142857143,112,14.979642857142855,727.0,6.488214285714286
Ja'Kobe Walter,TOR,0.35401074770739516,29.629629629629626,0.42,28.029999999999998,63.41,52,21.220000000000002,468.0,9.0
Danté Exum,DAL,0.35209768461987784,29.4238683127572,0.49933333333333335,22.784666666666666,55.68866666666666,75,19.463333333333335,726.5,9.685333333333332
Vít Krejčí,ATL,0.35029707651104475,29.218106995884774,0.4670886075949367,24.955189873417723,57.62443037974683,79,21.44253164556962,771.0,9.76
Oscar Tshiebwe,IND,0.3490971021201742,29.01234567901235,0.8518181818181817,4.509090909090909,14.411818181818182,22,13.506363636363636,249.5,11.340000000000002
David Roddy,HOU,0.34845836099814115,28.80658436213992,0.43714285714285717,23.33704081632653,66.12724489795919,98,16.193979591836733,669.5,6.835204081632654
GG Jackson,MEM,0.34496039110496207,28.600823045267486,0.5023376623376623,23.91805194805195,49.81363636363636,77,21.96896103896104,875.5,11.368701298701298
Dalen Terry,CHI,0.3410528181487562,28.39506172839506,0.36446969696969694,21.59810606060606,81.39022727272727,132,12.634999999999998,610.5,4.6252272727272725
Tristan Vukcevic,WAS,0.3407217605187499,28.189300411522634,0.6744444444444444,10.993333333333332,35.906666666666666,45,14.795555555555554,449.0,9.97888888888889
Mitchell Robinson,NYK,0.3389767768332577,27.983539094650205,0.653125,15.210416666666667,31.754375,48,22.049375,677.0,14.103333333333333
Danilo Gallinari,MIL,0.3375912311085107,27.77777777777778,0.51,15.99,59.76,49,12.84,319.0,6.51
Troy Brown Jr.,DET,0.3340025270120534,27.572016460905353,0.4,21.0,71.95,59,14.01,332.0,5.63
Cody Martin,CHA,0.3338604121624362,27.36625514403292,0.43925925925925935,26.118148148148144,54.0937037037037,81,23.78197530864198,833.0,10.27975308641975
Justin Edwards,PHI,0.33255846686473145,27.160493827160494,0.41,29.34,53.66,44,26.24,478.5,10.88
Garrison Mathews,ATL,0.3324599883245836,26.954732510288064,0.37991150442477883,23.488053097345134,70.8529203539823,113,16.119734513274334,696.5,6.163628318584071
Gabe Vincent,LAL,0.3321852578923883,26.74897119341564,0.24879518072289158,34.39072289156626,77.9410843373494,83,21.020481927710843,437.5,5.271566265060241
Julian Strawther,DEN,0.3321298541894077,26.543209876543212,0.3556521739130435,25.893478260869564,71.31782608695652,115,16.77130434782609,686.5,5.968695652173913
Jevon Carter,CHI,0.3313042552974724,26.337448559670783,0.4,19.713333333333335,73.16666666666666,108,12.26,510.0,4.723333333333334
Ben Sheppard,IND,0.33117766224687006,26.13168724279835,0.341,26.228749999999998,73.35300000000001,120,17.03575,703.0,5.85825
Nick Smith Jr.,CHA,0.3307436387241963,25.925925925925924,0.3554054054054054,27.304594594594597,68.12972972972973,111,18.895405405405405,757.5,6.826756756756756
Tre Mann,CHA,0.32993895678690144,25.720164609053498,0.5351851851851852,20.99462962962963,41.778703703703705,54,24.19074074074074,700.5,12.96888888888889
Lonzo Ball,CHI,0.328964353994722,25.514403292181072,0.54,19.74,42.68,35,22.2,420.5,12.01
Joe Ingles,MIN,0.3275137005040254,25.308641975308642,0.3710344827586207,23.847126436781608,69.8789655172414,87,14.746206896551724,521.0,5.991379310344827
Julian Phillips,CHI,0.3271686528819885,25.102880658436217,0.33957983193277314,21.69302521008403,80.35344537815128,119,12.1427731092437,510.5,4.2899159663865545
Jae'Sean Tate,HOU,0.3264273370149546,24.897119341563787,0.3811111111111111,21.201111111111114,72.2211111111111,117,13.843333333333334,602.5,5.147777777777778
De'Anthony Melton,BKN,0.3260916821382271,24.691358024691358,0.514090909090909,22.873181818181816,41.01909090909091,44,26.00681818181818,589.5,13.398636363636363
Gui Santos,GSW,0.325669080131481,24.485596707818928,0.5078481012658228,15.13721518987342,56.57455696202532,79,12.071518987341772,473.0,5.986582278481014
Vasilije Micić,PHX,0.3251515905512886,24.279835390946502,0.37752475247524747,25.839009900990103,63.76435643564356,101,19.413267326732672,743.5,7.364950495049504
Keita Bates-Diop,BKN,0.3237388609804386,24.074074074074073,0.45,16.88,64.63,53,12.540000000000001,298.0,5.62
Zeke Nnaji,DEN,0.32128522377106233,23.868312757201647,0.4350434782608696,15.041478260869566,70.12530434782609,115,10.29678260869565,512.0,4.453913043478261
Torrey Craig,BOS,0.3206095237544628,23.662551440329217,0.4629113924050633,20.49873417721519,53.79556962025317,79,17.24253164556962,622.5,7.875696202531646
Bruno Fernando,TOR,0.31981695433813623,23.456790123456788,0.5619354838709678,13.598225806451612,45.516290322580645,62,13.366774193548387,460.0,7.418548387096773
Sasha Vezenkov,SAC,0.3196856773369699,23.25102880658436,0.54,12.979999999999999,51.21999999999999,42,12.17,276.5,6.58
Orlando Robinson,MIA,0.3174457938579006,23.045267489711936,0.5335000000000001,14.232,49.267999999999994,80,13.422999999999998,567.5,7.089499999999999
Blake Wesley,SAS,0.3163064199684744,22.839506172839506,0.37,19.866638655462186,72.60613445378152,119,13.10252100840336,577.0,4.8515966386554625
Justin Holiday,DEN,0.3158863004226595,22.633744855967077,0.36,21.9,70.73,58,14.86,309.0,5.33
Jeff Dowtin Jr.,PHI,0.3150679679344425,22.42798353909465,0.5739622641509434,13.016792452830188,41.99169811320755,53,14.39056603773585,435.5,8.217735849056606
Robert Williams III,POR,0.31493390690811257,22.22222222222222,0.7246153846153847,7.5661538461538465,20.450769230769232,26,18.08230769230769,340.0,13.072307692307694
Taylor Hendricks,UTA,0.3138818840271274,22.016460905349795,0.48883720930232555,20.373720930232558,45.63209302325581,43,21.649302325581395,455.0,10.581162790697675
Lindy Waters III,OKC,0.31189861504120786,21.810699588477366,0.48711111111111116,14.434666666666665,56.202666666666666,90,11.761111111111111,481.5,5.3468888888888895
Andre Jackson Jr.,MIL,0.3114459436205378,21.604938271604937,0.3408064516129033,20.13774193548387,76.10193548387096,124,12.52008064516129,529.0,4.264193548387096
Oshae Brissett,PHI,0.31093952036428346,21.39917695473251,0.4581967213114753,14.79032786885246,61.19295081967212,61,12.664918032786886,349.0,5.724262295081968
Marcus Morris Sr.,CLE,0.3051838797634787,21.193415637860085,0.4,20.76,59.76,49,16.67,327.5,6.68
Mouhamed Gueye,ATL,0.3043625022033521,20.98765432098765,0.5953846153846154,11.741538461538463,35.17538461538462,39,15.523076923076923,360.0,9.229999999999999
Shake Milton,NYK,0.3023180510901996,20.781893004115226,0.3934285714285714,18.287714285714287,64.49514285714285,105,13.499714285714283,563.5,5.369142857142857
Jontay Porter,TOR,0.3019773837359192,20.5761316872428,0.63,9.14,31.71,26,13.84,227.0,8.73
Caleb Houstan,ORL,0.3011506981834092,20.37037037037037,0.33991452991452986,20.36794871794872,71.34521367521367,117,13.705982905982905,550.0,4.699316239316238
Reed Sheppard,HOU,0.30068866742068745,20.16460905349794,0.41000000000000003,16.62,63.41,52,12.58,268.0,5.15
Jericho Sims,NYK,0.29846192246768044,19.958847736625515,0.43081632653061225,15.498163265306122,60.15295918367347,98,12.410510204081632,524.5,5.3556122448979595
Noah Clowney,BKN,0.2979855148582339,19.753086419753085,0.4466666666666667,20.786666666666665,46.75,69,20.466666666666665,615.0,8.913333333333332
Dāvis Bertāns,CHA,0.2970043894348597,19.54732510288066,0.45,17.13,52.440000000000005,43,15.68,304.5,7.08
Delon Wright,NYK,0.2968380189580574,19.34156378600823,0.44103448275862067,17.589425287356324,53.3935632183908,87,15.816781609195402,608.0,6.984137931034483
Thaddeus Young,PHX,0.29652954092406564,19.1358024691358,0.56,11.17,40.24,33,13.32,247.0,7.48
Doug McDermott,SAC,0.29651315355082486,18.930041152263374,0.3760377358490566,17.313962264150945,67.41924528301887,106,11.752641509433964,470.5,4.439056603773585
Monté Morris,MIN,0.29613664159599384,18.72427983539095,0.4984615384615385,13.480384615384615,48.68615384615384,78,13.420384615384615,527.0,6.758076923076923
Olivier-Maxence Prosper,DAL,0.29570507385177075,18.51851851851852,0.4699999999999999,12.10086956521739,57.049130434782604,92,10.003913043478262,435.0,4.731739130434782
Antonio Reeves,NOP,0.293422126791728,18.31275720164609,0.44,16.76,53.66,44,14.990000000000002,292.5,6.65
Killian Hayes,BKN,0.2907454561552302,18.106995884773664,0.4175,22.915000000000003,45.732499999999995,48,24.373749999999998,492.0,10.2475
JT Thor,WAS,0.29023022972731705,17.901234567901234,0.3848192771084338,16.576987951807226,64.19385542168675,83,12.409277108433736,393.0,4.734698795180722
Pelle Larsson,MIA,0.2893245484460708,17.695473251028808,0.34,19.87,67.07,55,14.22,263.5,4.79
Jacob Gilyard,BKN,0.28924428911029726,17.48971193415638,0.44,17.74,50.0,41,17.03,309.5,7.550000000000001
KJ Martin,PHI,0.2871119424168295,17.28395061728395,0.34,20.719223300970874,64.5157281553398,103,16.097087378640776,561.0,5.4491262135922325
Chris Duarte,CHI,0.28625982090315694,17.078189300411523,0.41157894736842104,14.613815789473685,60.4928947368421,76,10.45078947368421,297.5,3.9114473684210522
Jae Crowder,SAC,0.2862496902599714,16.872427983539097,0.3508474576271186,25.27949152542373,53.352881355932205,59,21.32677966101695,450.5,7.635762711864406
Gary Harris,ORL,0.2862344178080455,16.666666666666664,0.30176470588235293,25.948235294117648,62.41,102,19.685882352941178,626.5,6.142941176470588
Dominick Barlow,ATL,0.2850283016954359,16.46090534979424,0.5397058823529413,10.078382352941176,41.49588235294118,68,11.680588235294117,428.5,6.304558823529412
Lamar Stevens,MEM,0.28439744776526965,16.255144032921812,0.5445454545454546,11.031818181818181,38.424181818181815,55,12.991454545454545,393.5,7.155818181818182
Jarred Vanderbilt,LAL,0.28429041847607966,16.049382716049383,0.5032307692307693,14.76446153846154,40.094307692307694,65,17.87446153846154,582.5,8.960615384615386
Josh Richardson,MIA,0.28352992259618165,15.843621399176955,0.3907843137254902,24.22078431372549,45.745098039215684,51,24.558235294117647,501.5,9.835882352941178
Landry Shamet,NYK,0.28254661619409627,15.637860082304528,0.37437499999999996,18.92354166666667,58.64166666666667,96,15.498333333333333,561.5,5.849791666666667
Svi Mykhailiuk,BOS,0.282425135973868,15.432098765432098,0.46075949367088603,14.742531645569619,48.23949367088608,79,14.856455696202532,533.5,6.755569620253166
Rob Dillingham,MIN,0.2822263389689734,15.22633744855967,0.42,13.11,59.76,49,10.529999999999998,214.5,4.38
Bismack Biyombo,SAS,0.2783803470708846,15.020576131687244,0.45529411764705885,17.34705882352941,42.75588235294118,68,19.398823529411764,595.0,8.74529411764706
Jared McCain,PHI,0.27561132837080227,14.814814814814813,0.54,15.039999999999997,28.05,23,25.729999999999997,319.0,13.87
Mike Muscala,OKC,0.2736907435934416,14.609053497942387,0.36,15.25,64.63,53,11.32,217.5,4.1
Xavier Tillman,BOS,0.27205843299481214,14.40329218106996,0.3762068965517242,17.5948275862069,56.135862068965515,87,13.858620689655172,519.5,5.971724137931034
Dillon Jones,OKC,0.2711985660680624,14.19753086419753,0.35999999999999993,14.01,65.85,54,10.21,200.0,3.7
Collin Gillespie,DEN,0.27029648841154935,13.991769547325102,0.5447368421052632,9.197894736842107,35.62105263157895,57,12.047368421052632,390.0,6.841052631578949
Brandon Boston,LAC,0.2696429666276852,13.786008230452676,0.4151351351351351,18.10648648648649,45.94432432432433,74,18.083243243243242,586.0,7.918918918918919
Marcus Smart,MEM,0.2690440456603652,13.580246913580247,0.47888888888888886,16.578888888888887,35.13777777777778,54,23.798888888888886,615.0,11.387407407407409
Bones Hyland,MIN,0.26894212716168436,13.37448559670782,0.5129508196721312,10.71016393442623,38.88393442622951,61,12.770491803278686,387.0,6.345081967213115
Brandon Williams,DAL,0.2655148499833258,13.168724279835391,0.5448000000000001,9.146600000000001,33.6066,50,11.9992,350.5,7.0102
Aleksej Pokusevski,CHA,0.26456987330935305,12.962962962962962,0.53,10.3,34.15,28,14.48,214.5,7.660000000000001
Markelle Fultz,SAC,0.26252386734272587,12.757201646090536,0.42046875,17.069375,43.63640625,64,17.09125,480.5,7.51015625
Robert Covington,PHI,0.2619549710842202,12.551440329218108,0.5,12.41,35.37,29,16.84,242.0,8.34
Jalen Pickett,DEN,0.26030048335053385,12.345679012345679,0.42934210526315786,12.01315789473684,50.22828947368421,76,10.370657894736842,344.0,4.525
Skylar Mays,LAL,0.2570631451007188,12.139917695473251,0.45,11.01,46.34,38,11.4,195.5,5.14
Nassir Little,PHX,0.25526443905238205,11.934156378600823,0.4,11.640000000000002,54.879999999999995,45,10.18,183.0,4.07
Ajay Mitchell,OKC,0.2500310040368091,11.728395061728394,0.41,15.17,43.9,36,16.58,245.5,6.82
KJ Simpson,CHA,0.2477439131323263,11.522633744855968,0.35,21.39,43.9,36,23.39,297.5,8.26
Ousmane Dieng,OKC,0.24700680245933532,11.316872427983538,0.45642857142857135,9.809142857142856,42.81942857142857,70,10.996571428571428,351.5,5.020142857142857
Bryce McGowens,POR,0.24512033341516626,11.11111111111111,0.2848611111111111,18.501805555555553,61.82083333333334,72,12.686666666666666,294.5,4.090555555555556
A.J. Lawson,DAL,0.2447829362907016,10.905349794238683,0.4491176470588235,9.60529411764706,43.76029411764706,68,11.724411764705883,370.0,5.440588235294118
Derrick Rose,MEM,0.2432224875314441,10.699588477366255,0.51,10.15,29.27,24,16.64,203.5,8.48
Micah Potter,UTA,0.24247684414595702,10.493827160493826,0.4307407407407407,14.011851851851853,38.39037037037037,54,16.506666666666668,378.5,7.00962962962963
Quenton Jackson,IND,0.2423678221659268,10.2880658436214,0.5112903225806451,8.769354838709676,31.199354838709677,31,12.632580645161289,195.5,6.3025806451612905
Cam Spencer,MEM,0.2396778811920255,10.08230452674897,0.53,6.41,30.49,25,10.09,133.0,5.32
Keaton Wallace,ATL,0.2353234652651877,9.876543209876543,0.43,12.73,37.8,31,16.17,216.0,6.97
Jaylen Clark,MIN,0.23387298294940873,9.670781893004115,0.37,13.26,48.78,40,13.05,193.0,4.82
Chuma Okeke,CLE,0.23374945122905522,9.465020576131687,0.39339285714285716,10.010535714285714,49.8725,56,11.224642857142856,274.0,4.896071428571429
Cory Joseph,GSW,0.23310494789791716,9.25925925925926,0.3621052631578947,12.796315789473685,50.96657894736842,76,11.93921052631579,332.0,4.369736842105263
Devin Carter,SAC,0.2330865891939451,9.053497942386832,0.42,10.06,43.9,36,11.0,165.0,4.58
Cam Reddish,LAL,0.2323106828030681,8.847736625514404,0.28777777777777774,20.91777777777778,51.08444444444444,81,19.424444444444447,456.0,5.631481481481481
Kevin Knox II,GSW,0.23057297366402502,8.641975308641975,0.47088888888888886,10.465555555555556,31.350666666666665,45,14.308666666666666,271.5,6.032444444444444
Maxi Kleber,LAL,0.2275655652921454,8.436213991769549,0.307012987012987,19.508311688311686,47.591688311688316,77,19.59,468.0,6.081558441558442
Ish Smith,CHA,0.227543703371966,8.23045267489712,0.29,18.82,52.440000000000005,43,17.23,212.0,4.93
Baylor Scheierman,BOS,0.22743883460065228,8.024691358024691,0.44,9.75,37.8,31,12.38,167.0,5.39
Jamal Cain,MIA,0.22469583453027953,7.818930041152264,0.42174603174603176,10.203650793650795,39.58571428571428,63,12.078412698412698,321.5,5.103015873015873
Cody Williams,UTA,0.22398412082616614,7.613168724279835,0.17,26.92,60.98,50,21.19,185.0,3.7
DaQuan Jeffries,NYK,0.22317976560772929,7.4074074074074066,0.29078125,20.30046875,47.60078125,64,17.460937500000004,349.5,5.45828125
Rayan Rupert,POR,0.2215823781217685,7.20164609053498,0.3042857142857143,13.569999999999999,56.61714285714285,91,12.01142857142857,322.5,3.5428571428571427
Terrence Shannon Jr.,MIN,0.22058143870995586,6.995884773662551,0.43,8.61,39.02,32,10.59,146.0,4.56
Colby Jones,SAC,0.2196791332755636,6.790123456790123,0.40217391304347827,9.510434782608696,42.79043478260869,69,10.23913043478261,296.5,4.293913043478261
Tosan Evbuomwan,DET,0.21488534186434316,6.584362139917696,0.41733333333333333,14.026444444444445,29.08022222222222,45,22.922666666666665,434.5,9.659777777777778
Trent Forrest,ATL,0.21182139209001816,6.378600823045268,0.36,10.51,46.34,38,10.89,149.5,3.93
Trey Jemison III,LAL,0.21137759526080144,6.172839506172839,0.37761904761904763,11.793333333333333,40.05031746031746,63,15.335873015873018,384.0,6.096190476190476
Lester Quinones,NOP,0.2109796371761814,5.967078189300412,0.41700000000000004,8.6264,37.5098,50,11.557,242.0,4.8427999999999995
Elfrid Payton,NOP,0.2073540621159901,5.761316872427984,0.41,12.979999999999999,29.27,24,21.28,211.0,8.79
Johnny Davis,WAS,0.20606487733680437,5.555555555555555,0.3047619047619048,11.765,53.07904761904762,84,10.181428571428572,244.5,2.9111904761904763
Javon Freeman-Liberty,TOR,0.20450724683670188,5.349794238683128,0.44,10.24,26.83,22,18.32,177.0,8.05
Evan Fournier,DET,0.20349732478870833,5.1440329218107,0.34,14.73,39.02,32,18.11,197.5,6.17
Leaky Black,CHA,0.2027901711511278,4.938271604938271,0.44,7.22,31.71,26,10.93,126.0,4.85
Devonte' Graham,SAS,0.19754897851918893,4.732510288065844,0.43999999999999995,7.95,28.05,23,13.61,139.0,6.039999999999999
Wesley Matthews,ATL,0.19180051659913444,4.526748971193416,0.33,10.49,43.9,36,11.47,135.0,3.75
Jalen McDaniels,WAS,0.19098543181410366,4.320987654320987,0.2474074074074074,12.67148148148148,56.824444444444445,54,10.09851851851852,130.0,2.407037037037037
Jared Rhoden,DET,0.19032969440529351,4.11522633744856,0.4848387096774194,6.013225806451613,19.077096774193553,31,15.195806451612901,232.5,7.5
Colin Castleton,LAL,0.19031443132495415,3.909465020576132,0.4347619047619048,7.368571428571429,27.062380952380956,42,11.694285714285716,217.5,5.177142857142857
Taj Gibson,DET,0.18722207382474493,3.7037037037037033,0.36631578947368426,8.568947368421053,37.84631578947368,57,10.762280701754387,227.0,3.9792982456140353
Trevelin Queen,ORL,0.18615667454668056,3.4979423868312756,0.3926666666666667,8.833111111111112,31.350666666666665,45,13.223555555555556,238.0,5.292
AJ Johnson,WAS,0.1775587332740322,3.292181069958848,0.29,16.22,35.37,29,22.01,184.5,6.36
Danuel House Jr.,PHI,0.1774524934757294,3.0864197530864197,0.29,12.93,41.46,34,14.97,150.0,4.41
Dru Smith,MIA,0.17184832812675402,2.880658436213992,0.4721739130434782,5.448260869565217,14.68695652173913,23,17.35217391304348,188.5,8.197826086956521
Reece Beekman,BKN,0.16913954484291743,2.674897119341564,0.27,11.92,43.9,36,13.04,127.0,3.53
Patty Mills,LAC,0.16685560516508247,2.4691358024691357,0.31901639344262295,9.409016393442624,37.28475409836065,61,12.067213114754098,232.0,3.8019672131147537
Dariq Whitehead,BKN,0.15912703475040887,2.263374485596708,0.4063636363636364,5.737272727272727,22.394545454545455,22,12.271818181818183,111.0,5.04090909090909
Isaiah Wong,IND,0.1473882194312899,2.05761316872428,0.37142857142857144,6.433809523809525,23.28666666666667,21,12.851428571428569,104.5,4.971428571428571
Kobe Bufkin,ATL,0.14605589160862603,1.8518518518518516,0.41481481481481486,4.298518518518519,17.570740740740742,27,11.837407407407408,133.0,4.927777777777778
Yuta Watanabe,MEM,0.14390276702631,1.646090534979424,0.23,11.8,41.46,34,13.66,105.0,3.09
P.J. Tucker,NYK,0.13487248369687443,1.440329218106996,0.24647058823529414,11.399117647058823,34.78764705882353,34,16.00764705882353,132.5,3.8997058823529414
Ibou Badji,POR,0.11829901289026996,1.2345679012345678,0.3,5.74,26.83,22,10.26,67.5,3.07
Isaiah Livers,DET,0.10908526172982594,1.02880658436214,0.21999999999999997,11.93,28.05,23,20.41,102.5,4.46
Jaylen Nowell,NOP,0.10507464949820162,0.823045267489712,0.34238095238095234,4.988095238095238,13.53,21,18.180952380952384,129.5,6.166190476190477
Onuralp Bitim,CHI,0.09209831268894166,0.6172839506172839,0.23,6.81,28.05,23,11.65,60.5,2.63
Nathan Mensah,CHA,0.07787798842561222,0.411522633744856,0.18,7.79,30.49,25,12.27,54.5,2.18
Jalen Hood-Schifino,LAL,0.02334158430968635,0.205761316872428,0.12916666666666668,4.945,22.559999999999995,36,11.769166666666667,97.0,2.690833333333333
